year_month,district,total,male,female,households,child,working,elderly
202301,仲間,2967,1441,1526,1249,571,1797,599
202301,安波茶,1402,694,708,675,210,833,359
202301,伊祖,3902,1919,1983,1818,630,2462,810
202301,牧港,5098,2484,2614,2335,908,3170,1019
202301,港川,5580,2685,2895,2279,1027,3598,955
202301,城間,4535,2158,2377,2282,624,2854,1057
202301,屋富祖,4188,2021,2167,2126,593,2584,1011
202301,宮城,9780,4770,5010,4537,1605,6293,1882
202301,仲西,3308,1608,1700,1920,421,2202,685
202301,小湾,4692,2268,2424,2138,768,2975,949
202301,勢理客,4343,2200,2143,2168,612,2721,1010
202301,内間,9299,4461,4838,4343,1416,6044,1839
202301,沢岻,4284,2101,2183,1794,792,2728,764
202301,経塚,5147,2489,2658,2307,951,3397,799
202301,前田,5872,2878,2994,2600,1046,3692,1134
202301,西原一区,2294,1126,1168,1019,406,1480,408
202301,西原二区,2872,1446,1426,1332,490,1800,582
202301,当山,1795,891,904,746,335,1119,341
202301,大平,4738,2266,2472,2299,672,2974,1092
202301,広栄,759,398,361,415,68,447,244
202301,茶山,982,464,518,415,159,544,279
202301,緑ヶ丘,2090,1023,1067,899,370,1227,493
202301,浦城,4303,2086,2217,1841,799,2854,650
202301,浦添ニュータウン,1946,931,1015,890,254,1091,601
202301,牧港ハイツ,329,158,171,154,35,167,127
202301,浦添グリーンハイツ,1920,930,990,875,275,997,647
202301,浅野浦,5202,2473,2729,2206,1032,3242,927
202301,前田公務員宿舎,165,81,84,58,49,115,1
202301,港川崎原,133,63,70,84,11,76,46
202301,上野,931,435,496,482,113,544,273
202301,マチナトタウン,1435,703,732,684,200,910,325
202301,神森,1171,555,616,494,217,648,306
202301,浦西,1768,859,909,744,262,852,653
202301,安川,597,273,324,253,98,345,154
202301,当山ハイツ,1137,563,574,513,191,742,204
202301,浦添ハイツ,275,145,130,118,37,143,95
202301,県営経塚団地,282,121,161,124,29,150,103
202301,浦添市街地住宅,341,146,195,166,23,186,132
202301,県営沢岻高層住宅,247,104,143,105,29,136,82
202301,陽迎橋,3216,1590,1626,1303,671,2202,343
202301,県営港川団地,321,137,184,160,20,166,135
202301,キャンプキンザー,53,23,30,25,19,30,4
202302,仲間,2963,1440,1523,1251,569,1791,603
202302,安波茶,1404,689,715,668,215,831,358
202302,伊祖,3890,1914,1976,1815,624,2453,813
202302,牧港,5130,2501,2629,2357,907,3201,1022
202302,港川,5580,2684,2896,2283,1026,3599,955
202302,城間,4523,2149,2374,2280,619,2853,1051
202302,屋富祖,4175,2014,2161,2119,591,2579,1005
202302,宮城,9739,4750,4989,4524,1598,6258,1883
202302,仲西,3309,1610,1699,1934,416,2212,681
202302,小湾,4687,2259,2428,2133,766,2973,948
202302,勢理客,4361,2211,2150,2178,611,2738,1012
202302,内間,9323,4484,4839,4351,1426,6061,1836
202302,沢岻,4298,2108,2190,1802,788,2741,769
202302,経塚,5151,2496,2655,2316,944,3408,799
202302,前田,5862,2877,2985,2591,1041,3683,1138
202302,西原一区,2299,1131,1168,1019,409,1482,408
202302,西原二区,2867,1446,1421,1331,489,1794,584
202302,当山,1791,888,903,747,330,1120,341
202302,大平,4753,2277,2476,2308,677,2985,1091
202302,広栄,754,398,356,412,67,445,242
202302,茶山,977,463,514,414,154,545,278
202302,緑ヶ丘,2094,1026,1068,904,367,1232,495
202302,浦城,4293,2080,2213,1845,796,2847,650
202302,浦添ニュータウン,1953,935,1018,893,254,1095,604
202302,牧港ハイツ,328,156,172,155,33,167,128
202302,浦添グリーンハイツ,1931,933,998,881,276,999,656
202302,浅野浦,5207,2477,2730,2209,1027,3255,925
202302,前田公務員宿舎,157,78,79,55,45,111,1
202302,港川崎原,133,63,70,84,11,76,46
202302,上野,932,438,494,483,112,545,275
202302,マチナトタウン,1428,698,730,682,200,901,327
202302,神森,1169,553,616,496,215,649,305
202302,浦西,1776,865,911,744,269,851,656
202302,安川,596,273,323,253,98,344,154
202302,当山ハイツ,1138,563,575,511,192,744,202
202302,浦添ハイツ,274,145,129,118,37,141,96
202302,県営経塚団地,282,122,160,124,29,149,104
202302,浦添市街地住宅,341,146,195,166,23,186,132
202302,県営沢岻高層住宅,246,103,143,105,29,134,83
202302,陽迎橋,3216,1588,1628,1306,665,2209,342
202302,県営港川団地,317,136,181,159,20,163,134
202302,キャンプキンザー,56,23,33,27,20,32,4
202303,仲間,2941,1432,1509,1249,560,1779,602
202303,安波茶,1395,683,712,667,214,825,356
202303,伊祖,3871,1906,1965,1819,608,2441,822
202303,牧港,5119,2499,2620,2350,916,3183,1020
202303,港川,5567,2670,2897,2289,1031,3571,965
202303,城間,4514,2136,2378,2282,618,2844,1052
202303,屋富祖,4194,2012,2182,2132,605,2583,1006
202303,宮城,9729,4763,4966,4544,1601,6243,1885
202303,仲西,3023,1444,1579,1670,405,1923,695
202303,小湾,4651,2234,2417,2128,754,2945,952
202303,勢理客,4315,2182,2133,2169,596,2709,1010
202303,内間,9253,4454,4799,4336,1420,5998,1835
202303,沢岻,4264,2099,2165,1795,782,2715,767
202303,経塚,5132,2481,2651,2326,935,3394,803
202303,前田,5840,2861,2979,2589,1037,3667,1136
202303,西原一区,2296,1130,1166,1025,413,1475,408
202303,西原二区,2845,1440,1405,1329,483,1778,584
202303,当山,1789,894,895,746,337,1111,341
202303,大平,4707,2259,2448,2292,676,2939,1092
202303,広栄,748,395,353,410,66,439,243
202303,茶山,975,462,513,416,154,542,279
202303,緑ヶ丘,2083,1010,1073,900,370,1219,494
202303,浦城,4212,2034,2178,1815,777,2789,646
202303,浦添ニュータウン,1948,933,1015,896,258,1086,604
202303,牧港ハイツ,326,155,171,154,35,163,128
202303,浦添グリーンハイツ,1916,925,991,882,276,984,656
202303,浅野浦,5197,2471,2726,2213,1026,3247,924
202303,前田公務員宿舎,150,74,76,55,42,107,1
202303,港川崎原,138,64,74,86,13,79,46
202303,上野,943,445,498,488,116,551,276
202303,マチナトタウン,1406,692,714,671,199,884,323
202303,神森,1181,562,619,499,219,658,304
202303,浦西,1763,860,903,746,263,843,657
202303,安川,595,272,323,255,100,341,154
202303,当山ハイツ,1117,551,566,508,183,732,202
202303,浦添ハイツ,273,144,129,118,37,141,95
202303,県営経塚団地,282,122,160,124,29,148,105
202303,浦添市街地住宅,340,144,196,166,23,185,132
202303,県営沢岻高層住宅,244,103,141,105,28,132,84
202303,陽迎橋,3210,1588,1622,1311,657,2205,348
202303,県営港川団地,316,136,180,159,20,162,134
202303,キャンプキンザー,60,24,36,28,23,33,4
202304,仲間,2945,1434,1511,1253,555,1788,602
202304,安波茶,1404,691,713,677,217,832,355
202304,伊祖,3876,1901,1975,1821,606,2444,826
202304,牧港,5137,2509,2628,2363,915,3198,1024
202304,港川,5569,2675,2894,2290,1037,3573,959
202304,城間,4529,2144,2385,2305,613,2867,1049
202304,屋富祖,4203,2012,2191,2144,602,2582,1019
202304,宮城,9711,4752,4959,4547,1596,6231,1884
202304,仲西,3032,1450,1582,1679,404,1928,700
202304,小湾,4663,2233,2430,2135,754,2957,952
202304,勢理客,4341,2189,2152,2188,598,2733,1010
202304,内間,9272,4472,4800,4349,1434,5993,1845
202304,沢岻,4269,2104,2165,1794,785,2716,768
202304,経塚,5170,2502,2668,2353,945,3418,807
202304,前田,5832,2851,2981,2589,1035,3670,1127
202304,西原一区,2301,1129,1172,1022,414,1480,407
202304,西原二区,2846,1445,1401,1329,484,1775,587
202304,当山,1794,898,896,749,330,1120,344
202304,大平,4728,2270,2458,2298,684,2954,1090
202304,広栄,755,398,357,410,70,442,243
202304,茶山,975,464,511,419,152,543,280
202304,緑ヶ丘,2107,1022,1085,911,376,1232,499
202304,浦城,4240,2064,2176,1838,782,2816,642
202304,浦添ニュータウン,1942,930,1012,894,258,1080,604
202304,牧港ハイツ,325,155,170,153,35,162,128
202304,浦添グリーンハイツ,1912,927,985,879,280,980,652
202304,浅野浦,5201,2470,2731,2210,1021,3250,930
202304,前田公務員宿舎,153,75,78,55,43,109,1
202304,港川崎原,134,61,73,83,13,75,46
202304,上野,946,446,500,488,116,552,278
202304,マチナトタウン,1404,689,715,671,198,885,321
202304,神森,1187,565,622,500,220,663,304
202304,浦西,1766,864,902,753,262,847,657
202304,安川,594,273,321,253,101,340,153
202304,当山ハイツ,1114,551,563,510,179,732,203
202304,浦添ハイツ,278,147,131,123,37,144,97
202304,県営経塚団地,281,121,160,124,29,147,105
202304,浦添市街地住宅,335,142,193,165,23,179,133
202304,県営沢岻高層住宅,244,103,141,105,27,133,84
202304,陽迎橋,3203,1582,1621,1311,651,2202,350
202304,県営港川団地,313,134,179,158,20,158,135
202304,キャンプキンザー,60,24,36,28,23,33,4
202305,仲間,2948,1428,1520,1255,556,1792,600
202305,安波茶,1400,685,715,668,221,824,355
202305,伊祖,3881,1901,1980,1826,606,2447,828
202305,牧港,5166,2519,2647,2395,914,3198,1054
202305,港川,5545,2665,2880,2290,1022,3559,964
202305,城間,4530,2147,2383,2305,612,2864,1054
202305,屋富祖,4224,2026,2198,2155,606,2601,1017
202305,宮城,9708,4757,4951,4543,1599,6226,1883
202305,仲西,3168,1516,1652,1813,399,2063,706
202305,小湾,4642,2224,2418,2121,756,2937,949
202305,勢理客,4339,2186,2153,2191,599,2730,1010
202305,内間,9283,4479,4804,4352,1433,6000,1850
202305,沢岻,4265,2098,2167,1798,776,2717,772
202305,経塚,5200,2521,2679,2354,953,3434,813
202305,前田,5790,2820,2970,2558,1027,3669,1094
202305,西原一区,2304,1132,1172,1027,415,1482,407
202305,西原二区,2865,1453,1412,1342,489,1793,583
202305,当山,1811,904,907,754,339,1127,345
202305,大平,4703,2267,2436,2289,675,2942,1086
202305,広栄,751,397,354,408,71,439,241
202305,茶山,979,467,512,422,152,546,281
202305,緑ヶ丘,2110,1021,1089,913,377,1234,499
202305,浦城,4250,2070,2180,1840,789,2814,647
202305,浦添ニュータウン,1938,931,1007,892,261,1072,605
202305,牧港ハイツ,325,155,170,152,35,161,129
202305,浦添グリーンハイツ,1905,924,981,874,278,982,645
202305,浅野浦,5195,2465,2730,2210,1014,3249,932
202305,前田公務員宿舎,157,77,80,56,45,110,2
202305,港川崎原,134,62,72,83,13,75,46
202305,上野,944,447,497,493,112,546,286
202305,マチナトタウン,1404,688,716,673,197,889,318
202305,神森,1184,563,621,498,218,663,303
202305,浦西,1766,862,904,756,265,840,661
202305,安川,593,274,319,253,101,339,153
202305,当山ハイツ,1111,550,561,509,176,734,201
202305,浦添ハイツ,275,145,130,122,37,140,98
202305,県営経塚団地,280,120,160,123,29,145,106
202305,浦添市街地住宅,328,139,189,164,20,173,135
202305,県営沢岻高層住宅,244,103,141,105,27,133,84
202305,陽迎橋,3212,1586,1626,1323,651,2208,353
202305,県営港川団地,313,134,179,158,20,157,136
202305,キャンプキンザー,60,24,36,28,23,33,4
202306,仲間,2943,1425,1518,1257,554,1791,598
202306,安波茶,1408,687,721,673,223,825,360
202306,伊祖,3898,1904,1994,1834,611,2460,827
202306,牧港,5175,2524,2651,2403,914,3204,1057
202306,港川,5617,2701,2916,2320,1036,3614,967
202306,城間,4530,2149,2381,2301,616,2860,1054
202306,屋富祖,4234,2031,2203,2160,608,2610,1016
202306,宮城,9688,4750,4938,4524,1602,6206,1880
202306,仲西,3167,1513,1654,1806,402,2058,707
202306,小湾,4642,2230,2412,2125,755,2936,951
202306,勢理客,4339,2185,2154,2191,591,2734,1014
202306,内間,9279,4472,4807,4361,1425,6001,1853
202306,沢岻,4260,2098,2162,1798,773,2716,771
202306,経塚,5197,2516,2681,2354,951,3432,814
202306,前田,5778,2815,2963,2544,1024,3672,1082
202306,西原一区,2306,1130,1176,1028,414,1485,407
202306,西原二区,2862,1447,1415,1339,488,1793,581
202306,当山,1815,907,908,758,339,1132,344
202306,大平,4693,2257,2436,2283,670,2940,1083
202306,広栄,749,397,352,408,71,439,239
202306,茶山,974,463,511,421,150,542,282
202306,緑ヶ丘,2100,1015,1085,910,370,1231,499
202306,浦城,4261,2075,2186,1846,791,2817,653
202306,浦添ニュータウン,1935,928,1007,889,264,1070,601
202306,牧港ハイツ,323,153,170,151,35,161,127
202306,浦添グリーンハイツ,1895,917,978,868,273,983,639
202306,浅野浦,5196,2465,2731,2215,1007,3254,935
202306,前田公務員宿舎,156,76,80,55,45,109,2
202306,港川崎原,136,64,72,84,14,76,46
202306,上野,955,453,502,498,113,552,290
202306,マチナトタウン,1399,687,712,672,197,883,319
202306,神森,1182,563,619,498,216,663,303
202306,浦西,1763,860,903,757,265,835,663
202306,安川,596,277,319,254,101,342,153
202306,当山ハイツ,1106,546,560,506,176,730,200
202306,浦添ハイツ,272,143,129,121,37,139,96
202306,県営経塚団地,280,120,160,123,29,145,106
202306,浦添市街地住宅,334,141,193,167,18,176,140
202306,県営沢岻高層住宅,245,103,142,106,27,132,86
202306,陽迎橋,3202,1578,1624,1323,648,2200,354
202306,県営港川団地,313,134,179,158,20,157,136
202306,キャンプキンザー,60,24,36,28,23,33,4
202307,仲間,2943,1423,1520,1260,552,1794,597
202307,安波茶,1420,692,728,675,227,834,359
202307,伊祖,3894,1902,1992,1836,610,2456,828
202307,牧港,5186,2528,2658,2414,913,3212,1061
202307,港川,5671,2728,2943,2345,1046,3655,970
202307,城間,4530,2150,2380,2306,614,2864,1052
202307,屋富祖,4208,2022,2186,2148,604,2590,1014
202307,宮城,9663,4727,4936,4517,1592,6193,1878
202307,仲西,3274,1564,1710,1902,406,2167,701
202307,小湾,4631,2224,2407,2122,752,2930,949
202307,勢理客,4331,2189,2142,2186,583,2731,1017
202307,内間,9301,4483,4818,4387,1430,6006,1865
202307,沢岻,4261,2099,2162,1798,770,2719,772
202307,経塚,5229,2533,2696,2371,956,3452,821
202307,前田,5761,2807,2954,2540,1020,3658,1083
202307,西原一区,2309,1133,1176,1026,417,1483,409
202307,西原二区,2866,1446,1420,1343,491,1799,576
202307,当山,1818,908,910,761,338,1135,345
202307,大平,4704,2253,2451,2292,674,2943,1087
202307,広栄,749,394,355,406,72,439,238
202307,茶山,977,462,515,422,150,546,281
202307,緑ヶ丘,2099,1016,1083,909,369,1231,499
202307,浦城,4253,2068,2185,1842,784,2819,650
202307,浦添ニュータウン,1935,926,1009,889,262,1070,603
202307,牧港ハイツ,327,157,170,153,34,165,128
202307,浦添グリーンハイツ,1897,923,974,869,272,987,638
202307,浅野浦,5199,2470,2729,2214,1007,3261,931
202307,前田公務員宿舎,156,76,80,55,45,109,2
202307,港川崎原,137,65,72,86,14,77,46
202307,上野,950,455,495,500,108,556,286
202307,マチナトタウン,1396,681,715,667,199,877,320
202307,神森,1177,561,616,498,215,658,304
202307,浦西,1763,856,907,753,264,836,663
202307,安川,592,277,315,252,101,337,154
202307,当山ハイツ,1104,543,561,508,173,728,203
202307,浦添ハイツ,272,143,129,121,35,141,96
202307,県営経塚団地,283,121,162,125,29,144,110
202307,浦添市街地住宅,334,141,193,167,18,176,140
202307,県営沢岻高層住宅,245,103,142,106,27,132,86
202307,陽迎橋,3189,1576,1613,1323,642,2189,358
202307,県営港川団地,313,133,180,159,20,155,138
202307,キャンプキンザー,63,26,37,29,24,35,4
202308,仲間,2933,1417,1516,1256,549,1790,594
202308,安波茶,1423,694,729,682,224,839,360
202308,伊祖,3902,1905,1997,1841,607,2463,832
202308,牧港,5188,2525,2663,2409,917,3209,1062
202308,港川,5698,2744,2954,2356,1055,3668,975
202308,城間,4552,2159,2393,2317,621,2872,1059
202308,屋富祖,4214,2023,2191,2144,600,2597,1017
202308,宮城,9663,4731,4932,4532,1575,6207,1881
202308,仲西,3337,1593,1744,1972,401,2232,704
202308,小湾,4629,2220,2409,2122,752,2926,951
202308,勢理客,4352,2197,2155,2193,596,2744,1012
202308,内間,9262,4464,4798,4378,1420,5980,1862
202308,沢岻,4274,2109,2165,1802,774,2723,777
202308,経塚,5230,2530,2700,2380,952,3452,826
202308,前田,5765,2811,2954,2548,1019,3659,1087
202308,西原一区,2300,1132,1168,1025,407,1479,414
202308,西原二区,2866,1448,1418,1341,494,1794,578
202308,当山,1820,910,910,764,337,1139,344
202308,大平,4683,2242,2441,2281,668,2927,1088
202308,広栄,746,395,351,405,72,435,239
202308,茶山,978,466,512,420,151,547,280
202308,緑ヶ丘,2105,1021,1084,916,365,1242,498
202308,浦城,4249,2065,2184,1834,784,2813,652
202308,浦添ニュータウン,1932,925,1007,889,258,1072,602
202308,牧港ハイツ,325,155,170,153,35,164,126
202308,浦添グリーンハイツ,1896,922,974,869,272,985,639
202308,浅野浦,5200,2465,2735,2217,1005,3255,940
202308,前田公務員宿舎,150,72,78,53,42,106,2
202308,港川崎原,135,64,71,84,13,75,47
202308,上野,949,455,494,500,107,556,286
202308,マチナトタウン,1389,680,709,665,195,875,319
202308,神森,1172,556,616,499,212,654,306
202308,浦西,1747,846,901,749,259,824,664
202308,安川,594,277,317,252,103,335,156
202308,当山ハイツ,1099,540,559,507,171,726,202
202308,浦添ハイツ,270,142,128,121,35,139,96
202308,県営経塚団地,283,120,163,126,29,143,111
202308,浦添市街地住宅,333,141,192,167,18,173,142
202308,県営沢岻高層住宅,243,101,142,106,27,131,85
202308,陽迎橋,3195,1574,1621,1319,642,2195,358
202308,県営港川団地,310,133,177,157,20,152,138
202308,キャンプキンザー,61,25,36,28,23,34,4
202309,仲間,2936,1419,1517,1257,546,1798,592
202309,安波茶,1420,691,729,675,228,832,360
202309,伊祖,3892,1904,1988,1839,603,2459,830
202309,牧港,5198,2530,2668,2410,918,3221,1059
202309,港川,5705,2752,2953,2363,1048,3679,978
202309,城間,4544,2148,2396,2316,613,2871,1060
202309,屋富祖,4197,2013,2184,2137,598,2587,1012
202309,宮城,9679,4741,4938,4547,1578,6220,1881
202309,仲西,3316,1585,1731,1959,398,2215,703
202309,小湾,4652,2229,2423,2130,757,2940,955
202309,勢理客,4346,2194,2152,2194,590,2744,1012
202309,内間,9247,4455,4792,4384,1417,5964,1866
202309,沢岻,4278,2114,2164,1803,771,2722,785
202309,経塚,5248,2546,2702,2388,959,3457,832
202309,前田,5754,2808,2946,2544,1022,3643,1089
202309,西原一区,2299,1134,1165,1028,407,1479,413
202309,西原二区,2874,1452,1422,1352,493,1802,579
202309,当山,1810,903,907,762,332,1132,346
202309,大平,4661,2235,2426,2272,666,2912,1083
202309,広栄,743,395,348,404,73,432,238
202309,茶山,974,465,509,420,151,543,280
202309,緑ヶ丘,2092,1012,1080,912,360,1230,502
202309,浦城,4246,2060,2186,1835,782,2813,651
202309,浦添ニュータウン,1920,922,998,888,252,1070,598
202309,牧港ハイツ,323,153,170,153,35,163,125
202309,浦添グリーンハイツ,1895,924,971,874,271,981,643
202309,浅野浦,5204,2467,2737,2218,1004,3257,943
202309,前田公務員宿舎,148,71,77,52,41,105,2
202309,港川崎原,136,65,71,85,13,76,47
202309,上野,950,456,494,499,108,551,291
202309,マチナトタウン,1391,680,711,667,194,874,323
202309,神森,1166,551,615,496,210,649,307
202309,浦西,1747,848,899,749,262,819,666
202309,安川,598,279,319,254,104,338,156
202309,当山ハイツ,1109,544,565,511,177,729,203
202309,浦添ハイツ,270,142,128,121,32,141,97
202309,県営経塚団地,286,121,165,127,31,144,111
202309,浦添市街地住宅,331,140,191,166,18,171,142
202309,県営沢岻高層住宅,241,101,140,106,26,130,85
202309,陽迎橋,3200,1580,1620,1326,635,2202,363
202309,県営港川団地,312,134,178,158,20,151,141
202309,キャンプキンザー,59,24,35,27,23,32,4
202310,仲間,2940,1419,1521,1258,548,1795,597
202310,安波茶,1432,695,737,678,236,837,359
202310,伊祖,3881,1900,1981,1838,603,2448,830
202310,牧港,5212,2536,2676,2419,916,3228,1068
202310,港川,5703,2753,2950,2365,1040,3681,982
202310,城間,4557,2155,2402,2320,614,2877,1066
202310,屋富祖,4188,2007,2181,2138,594,2583,1011
202310,宮城,9683,4741,4942,4553,1569,6227,1887
202310,仲西,3350,1592,1758,1986,397,2243,710
202310,小湾,4639,2223,2416,2130,752,2931,956
202310,勢理客,4346,2187,2159,2189,592,2743,1011
202310,内間,9250,4469,4781,4388,1409,5967,1874
202310,沢岻,4267,2108,2159,1807,759,2712,796
202310,経塚,5240,2542,2698,2385,954,3451,835
202310,前田,5767,2818,2949,2550,1024,3655,1088
202310,西原一区,2297,1134,1163,1030,407,1478,412
202310,西原二区,2879,1457,1422,1361,487,1813,579
202310,当山,1809,903,906,761,332,1129,348
202310,大平,4642,2226,2416,2267,661,2890,1091
202310,広栄,740,394,346,404,70,431,239
202310,茶山,979,468,511,422,152,547,280
202310,緑ヶ丘,2096,1011,1085,911,359,1235,502
202310,浦城,4251,2058,2193,1838,782,2809,660
202310,浦添ニュータウン,1929,927,1002,887,252,1076,601
202310,牧港ハイツ,321,154,167,152,34,162,125
202310,浦添グリーンハイツ,1892,921,971,875,266,982,644
202310,浅野浦,5226,2473,2753,2226,1008,3271,947
202310,前田公務員宿舎,148,71,77,53,41,104,3
202310,港川崎原,135,64,71,85,13,75,47
202310,上野,949,456,493,501,108,548,293
202310,マチナトタウン,1389,679,710,672,194,867,328
202310,神森,1168,550,618,496,212,649,307
202310,浦西,1748,849,899,749,263,820,665
202310,安川,592,276,316,252,102,333,157
202310,当山ハイツ,1112,545,567,513,178,730,204
202310,浦添ハイツ,271,142,129,122,32,142,97
202310,県営経塚団地,286,121,165,127,31,143,112
202310,浦添市街地住宅,331,140,191,166,18,171,142
202310,県営沢岻高層住宅,240,101,139,106,25,130,85
202310,陽迎橋,3212,1589,1623,1334,635,2214,363
202310,県営港川団地,314,136,178,158,20,153,141
202310,キャンプキンザー,59,24,35,27,23,32,4
202311,仲間,2953,1426,1527,1266,552,1802,599
202311,安波茶,1434,695,739,681,238,834,362
202311,伊祖,3897,1910,1987,1848,604,2460,833
202311,牧港,5210,2542,2668,2417,914,3224,1072
202311,港川,5700,2753,2947,2373,1039,3682,979
202311,城間,4567,2158,2409,2321,619,2879,1069
202311,屋富祖,4185,2007,2178,2143,581,2585,1019
202311,宮城,9659,4725,4934,4542,1560,6218,1881
202311,仲西,3457,1641,1816,2093,394,2349,714
202311,小湾,4649,2231,2418,2135,752,2943,954
202311,勢理客,4334,2180,2154,2189,586,2732,1016
202311,内間,9237,4474,4763,4386,1409,5950,1878
202311,沢岻,4266,2102,2164,1808,755,2713,798
202311,経塚,5260,2553,2707,2394,955,3463,842
202311,前田,5763,2812,2951,2546,1016,3657,1090
202311,西原一区,2296,1135,1161,1030,408,1477,411
202311,西原二区,2874,1453,1421,1360,484,1808,582
202311,当山,1805,903,902,759,331,1121,353
202311,大平,4651,2225,2426,2273,661,2897,1093
202311,広栄,742,394,348,406,70,434,238
202311,茶山,979,468,511,424,152,549,278
202311,緑ヶ丘,2098,1010,1088,915,359,1238,501
202311,浦城,4250,2055,2195,1838,777,2808,665
202311,浦添ニュータウン,1934,935,999,894,255,1077,602
202311,牧港ハイツ,321,154,167,152,34,162,125
202311,浦添グリーンハイツ,1891,921,970,873,266,981,644
202311,浅野浦,5223,2476,2747,2224,1005,3279,939
202311,前田公務員宿舎,144,69,75,52,41,99,4
202311,港川崎原,133,63,70,85,13,76,44
202311,上野,953,457,496,502,111,548,294
202311,マチナトタウン,1393,682,711,680,193,866,334
202311,神森,1162,545,617,494,209,644,309
202311,浦西,1743,847,896,747,259,818,666
202311,安川,593,276,317,255,101,335,157
202311,当山ハイツ,1111,547,564,511,178,727,206
202311,浦添ハイツ,270,141,129,121,33,142,95
202311,県営経塚団地,283,120,163,126,31,138,114
202311,浦添市街地住宅,331,140,191,166,18,170,143
202311,県営沢岻高層住宅,239,100,139,106,25,128,86
202311,陽迎橋,3216,1596,1620,1339,630,2218,368
202311,県営港川団地,315,136,179,158,20,154,141
202311,キャンプキンザー,58,24,34,26,23,31,4
202312,仲間,2941,1424,1517,1259,545,1800,596
202312,安波茶,1432,695,737,679,240,830,362
202312,伊祖,3881,1907,1974,1841,599,2444,838
202312,牧港,5194,2535,2659,2409,907,3214,1073
202312,港川,5704,2750,2954,2372,1036,3686,982
202312,城間,4565,2165,2400,2316,623,2871,1071
202312,屋富祖,4160,1993,2167,2122,573,2570,1017
202312,宮城,9645,4710,4935,4539,1555,6210,1880
202312,仲西,3445,1635,1810,2089,387,2340,718
202312,小湾,4634,2224,2410,2134,740,2937,957
202312,勢理客,4343,2178,2165,2198,582,2737,1024
202312,内間,9227,4456,4771,4390,1400,5943,1884
202312,沢岻,4262,2101,2161,1811,749,2706,807
202312,経塚,5266,2555,2711,2399,956,3463,847
202312,前田,5761,2809,2952,2543,1016,3654,1091
202312,西原一区,2294,1133,1161,1030,409,1472,413
202312,西原二区,2868,1452,1416,1359,483,1803,582
202312,当山,1797,901,896,757,330,1113,354
202312,大平,4655,2225,2430,2272,668,2896,1091
202312,広栄,747,395,352,407,73,435,239
202312,茶山,978,469,509,423,151,551,276
202312,緑ヶ丘,2101,1013,1088,918,356,1243,502
202312,浦城,4239,2049,2190,1840,771,2805,663
202312,浦添ニュータウン,1928,934,994,897,250,1075,603
202312,牧港ハイツ,321,154,167,151,35,161,125
202312,浦添グリーンハイツ,1880,915,965,866,265,974,641
202312,浅野浦,5235,2475,2760,2229,1010,3284,941
202312,前田公務員宿舎,144,69,75,52,41,99,4
202312,港川崎原,133,64,69,85,13,76,44
202312,上野,952,458,494,503,113,546,293
202312,マチナトタウン,1510,743,767,731,217,952,341
202312,神森,1158,546,612,490,208,646,304
202312,浦西,1742,848,894,748,255,819,668
202312,安川,583,271,312,252,96,331,156
202312,当山ハイツ,1111,546,565,511,178,725,208
202312,浦添ハイツ,268,138,130,120,33,141,94
202312,県営経塚団地,281,119,162,125,31,138,112
202312,浦添市街地住宅,327,139,188,165,20,166,141
202312,県営沢岻高層住宅,239,100,139,106,25,128,86
202312,陽迎橋,3219,1596,1623,1335,632,2216,371
202312,県営港川団地,316,134,182,160,20,156,140
202312,キャンプキンザー,59,25,34,26,24,31,4
202401,仲間,2945,1428,1517,1257,546,1800,599
202401,安波茶,1428,697,731,679,238,830,360
202401,伊祖,3876,1905,1971,1841,602,2445,829
202401,牧港,5199,2534,2665,2410,906,3214,1079
202401,港川,5707,2750,2957,2377,1035,3687,985
202401,城間,4564,2165,2399,2319,619,2871,1074
202401,屋富祖,4162,1995,2167,2118,577,2562,1023
202401,宮城,9644,4702,4942,4540,1556,6207,1881
202401,仲西,3447,1638,1809,2088,386,2345,716
202401,小湾,4630,2226,2404,2135,732,2944,954
202401,勢理客,4319,2168,2151,2194,565,2731,1023
202401,内間,9236,4461,4775,4402,1403,5937,1896
202401,沢岻,4272,2108,2164,1819,743,2715,814
202401,経塚,5261,2544,2717,2394,953,3455,853
202401,前田,5755,2812,2943,2542,1014,3651,1090
202401,西原一区,2298,1136,1162,1033,404,1480,414
202401,西原二区,2869,1452,1417,1359,477,1806,586
202401,当山,1788,894,894,754,328,1105,355
202401,大平,4672,2235,2437,2277,678,2899,1095
202401,広栄,746,393,353,406,73,433,240
202401,茶山,973,466,507,420,150,550,273
202401,緑ヶ丘,2100,1016,1084,916,355,1244,501
202401,浦城,4230,2041,2189,1837,763,2801,666
202401,浦添ニュータウン,1924,934,990,899,247,1074,603
202401,牧港ハイツ,320,154,166,151,35,161,124
202401,浦添グリーンハイツ,1889,917,972,874,266,971,652
202401,浅野浦,5229,2469,2760,2225,1010,3274,945
202401,前田公務員宿舎,145,69,76,53,41,100,4
202401,港川崎原,133,64,69,85,13,76,44
202401,上野,945,454,491,501,110,544,291
202401,マチナトタウン,1505,737,768,730,216,949,340
202401,神森,1161,546,615,492,209,645,307
202401,浦西,1745,849,896,751,254,823,668
202401,安川,586,273,313,254,97,331,158
202401,当山ハイツ,1112,544,568,510,178,727,207
202401,浦添ハイツ,269,139,130,120,32,143,94
202401,県営経塚団地,281,119,162,125,31,137,113
202401,浦添市街地住宅,325,139,186,165,20,164,141
202401,県営沢岻高層住宅,237,99,138,105,25,127,85
202401,陽迎橋,3222,1594,1628,1336,632,2219,371
202401,県営港川団地,314,134,180,159,20,154,140
202401,キャンプキンザー,55,23,32,24,22,29,4
202402,仲間,2960,1434,1526,1266,554,1806,600
202402,安波茶,1424,697,727,680,234,828,362
202402,伊祖,3869,1899,1970,1837,602,2437,830
202402,牧港,5180,2520,2660,2410,898,3202,1080
202402,港川,5707,2748,2959,2379,1037,3683,987
202402,城間,4562,2159,2403,2315,621,2865,1076
202402,屋富祖,4145,1988,2157,2108,577,2545,1023
202402,宮城,9646,4697,4949,4546,1558,6209,1879
202402,仲西,3426,1630,1796,2080,385,2325,716
202402,小湾,4628,2227,2401,2139,729,2944,955
202402,勢理客,4330,2173,2157,2205,562,2744,1024
202402,内間,9248,4471,4777,4396,1410,5949,1889
202402,沢岻,4271,2106,2165,1818,739,2716,816
202402,経塚,5255,2543,2712,2396,948,3452,855
202402,前田,5725,2794,2931,2530,1004,3627,1094
202402,西原一区,2285,1131,1154,1030,398,1468,419
202402,西原二区,2868,1451,1417,1359,472,1809,587
202402,当山,1794,898,896,757,327,1112,355
202402,大平,4678,2240,2438,2282,683,2897,1098
202402,広栄,748,393,355,409,73,433,242
202402,茶山,974,465,509,421,149,552,273
202402,緑ヶ丘,2096,1011,1085,912,351,1245,500
202402,浦城,4216,2039,2177,1832,755,2793,668
202402,浦添ニュータウン,1916,934,982,893,246,1069,601
202402,牧港ハイツ,318,154,164,150,35,160,123
202402,浦添グリーンハイツ,1889,922,967,874,264,974,651
202402,浅野浦,5228,2463,2765,2229,1009,3274,945
202402,前田公務員宿舎,145,69,76,53,41,100,4
202402,港川崎原,134,65,69,86,13,77,44
202402,上野,942,456,486,498,111,542,289
202402,マチナトタウン,1507,739,768,732,219,949,339
202402,神森,1164,547,617,494,209,649,306
202402,浦西,1749,850,899,751,258,824,667
202402,安川,587,274,313,255,96,336,155
202402,当山ハイツ,1112,542,570,511,177,727,208
202402,浦添ハイツ,270,139,131,120,33,143,94
202402,県営経塚団地,278,119,159,125,26,137,115
202402,浦添市街地住宅,325,140,185,164,20,160,145
202402,県営沢岻高層住宅,237,99,138,105,25,127,85
202402,陽迎橋,3220,1592,1628,1335,631,2214,375
202402,県営港川団地,321,139,182,161,23,157,141
202402,キャンプキンザー,56,23,33,24,23,29,4
202403,仲間,2935,1420,1515,1261,547,1787,601
202403,安波茶,1426,702,724,693,232,831,363
202403,伊祖,3865,1893,1972,1838,602,2434,829
202403,牧港,5161,2521,2640,2407,896,3187,1078
202403,港川,5714,2744,2970,2388,1052,3673,989
202403,城間,4545,2152,2393,2313,620,2854,1071
202403,屋富祖,4133,1985,2148,2115,577,2535,1021
202403,宮城,9637,4684,4953,4556,1571,6180,1886
202403,仲西,3163,1493,1670,1848,372,2076,715
202403,小湾,4577,2205,2372,2129,705,2916,956
202403,勢理客,4271,2138,2133,2183,549,2702,1020
202403,内間,9238,4456,4782,4425,1411,5946,1881
202403,沢岻,4259,2095,2164,1811,735,2711,813
202403,経塚,5229,2531,2698,2404,936,3428,865
202403,前田,5735,2797,2938,2549,1002,3634,1099
202403,西原一区,2271,1127,1144,1027,393,1456,422
202403,西原二区,2869,1454,1415,1368,470,1806,593
202403,当山,1786,897,889,759,331,1100,355
202403,大平,4652,2230,2422,2286,673,2881,1098
202403,広栄,748,392,356,409,76,430,242
202403,茶山,967,461,506,421,147,548,272
202403,緑ヶ丘,2061,1001,1060,907,340,1220,501
202403,浦城,4253,2039,2214,1839,774,2805,674
202403,浦添ニュータウン,1912,934,978,893,244,1068,600
202403,牧港ハイツ,322,156,166,150,36,164,122
202403,浦添グリーンハイツ,1878,916,962,873,265,962,651
202403,浅野浦,5195,2441,2754,2224,993,3262,940
202403,前田公務員宿舎,141,67,74,51,41,96,4
202403,港川崎原,133,66,67,86,12,77,44
202403,上野,933,451,482,492,110,533,290
202403,マチナトタウン,1496,737,759,720,219,943,334
202403,神森,1167,550,617,501,210,650,307
202403,浦西,1744,851,893,754,257,824,663
202403,安川,582,274,308,254,96,331,155
202403,当山ハイツ,1113,544,569,512,181,722,210
202403,浦添ハイツ,269,137,132,119,34,141,94
202403,県営経塚団地,279,120,159,125,25,139,115
202403,浦添市街地住宅,325,140,185,164,21,159,145
202403,県営沢岻高層住宅,236,98,138,105,24,127,85
202403,陽迎橋,3228,1594,1634,1338,636,2215,377
202403,県営港川団地,319,139,180,160,23,156,140
202403,キャンプキンザー,58,23,35,25,24,30,4
202404,仲間,2938,1420,1518,1270,545,1791,602
202404,安波茶,1425,698,727,689,234,829,362
202404,伊祖,3868,1896,1972,1845,597,2441,830
202404,牧港,5165,2529,2636,2416,896,3199,1070
202404,港川,5704,2733,2971,2389,1050,3672,982
202404,城間,4524,2140,2384,2304,618,2835,1071
202404,屋富祖,4140,1985,2155,2123,576,2536,1028
202404,宮城,9641,4691,4950,4567,1564,6182,1895
202404,仲西,3198,1508,1690,1884,372,2112,714
202404,小湾,4585,2207,2378,2145,701,2927,957
202404,勢理客,4312,2150,2162,2205,561,2728,1023
202404,内間,9241,4465,4776,4445,1407,5953,1881
202404,沢岻,4256,2090,2166,1811,733,2707,816
202404,経塚,5240,2543,2697,2411,942,3425,873
202404,前田,5779,2820,2959,2574,1016,3661,1102
202404,西原一区,2290,1142,1148,1042,397,1467,426
202404,西原二区,2869,1458,1411,1377,461,1811,597
202404,当山,1811,908,903,771,326,1123,362
202404,大平,4649,2226,2423,2286,672,2875,1102
202404,広栄,738,384,354,407,71,426,241
202404,茶山,960,456,504,420,146,542,272
202404,緑ヶ丘,2051,996,1055,904,334,1214,503
202404,浦城,4414,2122,2292,1914,809,2921,684
202404,浦添ニュータウン,1923,939,984,902,247,1076,600
202404,牧港ハイツ,320,154,166,150,36,162,122
202404,浦添グリーンハイツ,1885,921,964,875,269,964,652
202404,浅野浦,5171,2431,2740,2212,982,3252,937
202404,前田公務員宿舎,141,67,74,51,41,96,4
202404,港川崎原,134,68,66,86,11,79,44
202404,上野,928,448,480,491,109,528,291
202404,マチナトタウン,1506,740,766,726,222,943,341
202404,神森,1161,548,613,501,210,642,309
202404,浦西,1750,857,893,758,256,828,666
202404,安川,581,275,306,254,96,330,155
202404,当山ハイツ,1118,549,569,514,184,723,211
202404,浦添ハイツ,269,137,132,119,34,141,94
202404,県営経塚団地,280,120,160,126,25,140,115
202404,浦添市街地住宅,324,140,184,164,20,160,144
202404,県営沢岻高層住宅,236,98,138,105,24,127,85
202404,陽迎橋,3228,1595,1633,1346,632,2216,380
202404,県営港川団地,318,138,180,160,23,155,140
202404,キャンプキンザー,56,23,33,24,24,29,3
202405,仲間,2935,1418,1517,1269,539,1792,604
202405,安波茶,1424,703,721,688,237,830,357
202405,伊祖,3874,1905,1969,1847,598,2444,832
202405,牧港,5145,2515,2630,2411,884,3198,1063
202405,港川,5712,2732,2980,2394,1055,3677,980
202405,城間,4500,2125,2375,2294,604,2825,1071
202405,屋富祖,4125,1977,2148,2118,567,2532,1026
202405,宮城,9639,4699,4940,4579,1556,6183,1900
202405,仲西,3225,1519,1706,1917,366,2145,714
202405,小湾,4587,2203,2384,2143,700,2927,960
202405,勢理客,4451,2219,2232,2261,608,2815,1028
202405,内間,9237,4470,4767,4461,1392,5961,1884
202405,沢岻,4265,2098,2167,1814,739,2710,816
202405,経塚,5263,2549,2714,2429,947,3442,874
202405,前田,5817,2835,2982,2602,1019,3699,1099
202405,西原一区,2295,1144,1151,1044,397,1469,429
202405,西原二区,2869,1460,1409,1377,461,1809,599
202405,当山,1792,897,895,764,321,1109,362
202405,大平,4636,2217,2419,2280,666,2864,1106
202405,広栄,749,389,360,409,73,433,243
202405,茶山,959,454,505,420,146,540,273
202405,緑ヶ丘,2048,997,1051,903,335,1211,502
202405,浦城,4399,2108,2291,1912,806,2902,691
202405,浦添ニュータウン,1922,941,981,905,243,1080,599
202405,牧港ハイツ,317,152,165,149,35,161,121
202405,浦添グリーンハイツ,1893,921,972,879,275,965,653
202405,浅野浦,5167,2429,2738,2211,973,3252,942
202405,前田公務員宿舎,142,67,75,51,42,94,6
202405,港川崎原,141,72,69,89,14,83,44
202405,上野,931,450,481,491,109,533,289
202405,マチナトタウン,1505,740,765,724,222,943,340
202405,神森,1158,546,612,502,209,641,308
202405,浦西,1751,859,892,756,259,829,663
202405,安川,583,276,307,254,96,330,157
202405,当山ハイツ,1110,545,565,513,179,718,213
202405,浦添ハイツ,270,139,131,119,34,142,94
202405,県営経塚団地,281,120,161,126,25,140,116
202405,浦添市街地住宅,327,143,184,164,21,162,144
202405,県営沢岻高層住宅,236,98,138,105,23,129,84
202405,陽迎橋,3224,1593,1631,1347,627,2214,383
202405,県営港川団地,316,137,179,159,23,154,139
202405,キャンプキンザー,58,24,34,25,24,31,3
202406,仲間,2938,1422,1516,1273,535,1798,605
202406,安波茶,1413,696,717,681,236,823,354
202406,伊祖,3864,1901,1963,1847,589,2439,836
202406,牧港,5154,2519,2635,2426,885,3204,1065
202406,港川,5713,2733,2980,2395,1055,3674,984
202406,城間,4482,2115,2367,2291,599,2814,1069
202406,屋富祖,4125,1981,2144,2120,568,2531,1026
202406,宮城,9625,4684,4941,4577,1557,6168,1900
202406,仲西,3222,1519,1703,1916,365,2142,715
202406,小湾,4623,2222,2401,2164,703,2957,963
202406,勢理客,4459,2217,2242,2261,614,2821,1024
202406,内間,9212,4455,4757,4453,1372,5959,1881
202406,沢岻,4261,2096,2165,1818,730,2716,815
202406,経塚,5277,2554,2723,2433,947,3453,877
202406,前田,5813,2836,2977,2602,1014,3695,1104
202406,西原一区,2292,1145,1147,1043,398,1464,430
202406,西原二区,2863,1455,1408,1374,462,1804,597
202406,当山,1784,893,891,759,322,1104,358
202406,大平,4642,2220,2422,2289,662,2873,1107
202406,広栄,749,390,359,409,74,432,243
202406,茶山,954,453,501,418,142,538,274
202406,緑ヶ丘,2054,1001,1053,906,336,1215,503
202406,浦城,4396,2108,2288,1908,795,2910,691
202406,浦添ニュータウン,1924,939,985,904,245,1080,599
202406,牧港ハイツ,315,150,165,148,35,159,121
202406,浦添グリーンハイツ,1897,920,977,880,276,968,653
202406,浅野浦,5165,2425,2740,2208,976,3251,938
202406,前田公務員宿舎,144,68,76,53,42,96,6
202406,港川崎原,141,72,69,88,14,83,44
202406,上野,934,451,483,492,111,530,293
202406,マチナトタウン,1514,748,766,730,223,948,343
202406,神森,1157,544,613,502,206,642,309
202406,浦西,1751,860,891,755,261,826,664
202406,安川,585,276,309,255,95,332,158
202406,当山ハイツ,1106,542,564,514,178,716,212
202406,浦添ハイツ,269,138,131,119,34,141,94
202406,県営経塚団地,280,120,160,126,24,141,115
202406,浦添市街地住宅,324,142,182,163,20,160,144
202406,県営沢岻高層住宅,235,97,138,105,24,125,86
202406,陽迎橋,3235,1597,1638,1351,626,2223,386
202406,県営港川団地,317,137,180,159,23,155,139
202406,キャンプキンザー,58,24,34,25,24,31,3
202407,仲間,2922,1412,1510,1272,523,1790,609
202407,安波茶,1412,698,714,684,234,827,351
202407,伊祖,3865,1908,1957,1848,589,2438,838
202407,牧港,5141,2518,2623,2422,882,3196,1063
202407,港川,5703,2736,2967,2397,1046,3671,986
202407,城間,4475,2108,2367,2281,604,2805,1066
202407,屋富祖,4131,1984,2147,2113,577,2540,1014
202407,宮城,9619,4700,4919,4582,1543,6175,1901
202407,仲西,3279,1545,1734,1973,364,2197,718
202407,小湾,4610,2217,2393,2158,696,2959,955
202407,勢理客,4478,2220,2258,2287,620,2833,1025
202407,内間,9205,4452,4753,4451,1376,5955,1874
202407,沢岻,4256,2092,2164,1824,718,2719,819
202407,経塚,5268,2544,2724,2430,944,3445,879
202407,前田,5859,2862,2997,2626,1025,3723,1111
202407,西原一区,2295,1149,1146,1047,398,1470,427
202407,西原二区,2867,1455,1412,1379,462,1809,596
202407,当山,1787,895,892,764,321,1107,359
202407,大平,4632,2215,2417,2290,652,2876,1104
202407,広栄,751,391,360,412,76,432,243
202407,茶山,956,454,502,417,143,539,274
202407,緑ヶ丘,2053,999,1054,905,340,1213,500
202407,浦城,4412,2122,2290,1918,797,2925,690
202407,浦添ニュータウン,1934,944,990,910,245,1091,598
202407,牧港ハイツ,317,151,166,150,35,162,120
202407,浦添グリーンハイツ,1903,924,979,885,274,975,654
202407,浅野浦,5156,2417,2739,2209,972,3249,935
202407,前田公務員宿舎,144,68,76,53,42,96,6
202407,港川崎原,141,72,69,89,14,84,43
202407,上野,937,450,487,495,113,529,295
202407,マチナトタウン,1511,746,765,733,217,949,345
202407,神森,1170,548,622,507,211,647,312
202407,浦西,1744,855,889,754,260,823,661
202407,安川,587,277,310,258,93,336,158
202407,当山ハイツ,1103,542,561,513,177,716,210
202407,浦添ハイツ,270,139,131,120,34,142,94
202407,県営経塚団地,275,118,157,124,23,139,113
202407,浦添市街地住宅,325,143,182,163,20,160,145
202407,県営沢岻高層住宅,235,97,138,105,24,125,86
202407,陽迎橋,3237,1597,1640,1354,625,2225,387
202407,県営港川団地,322,139,183,160,24,158,140
202407,キャンプキンザー,55,24,31,24,22,30,3
202408,仲間,2909,1400,1509,1271,513,1787,609
202408,安波茶,1415,699,716,685,236,828,351
202408,伊祖,3866,1909,1957,1858,586,2437,843
202408,牧港,5135,2516,2619,2417,885,3186,1064
202408,港川,5697,2735,2962,2396,1043,3666,988
202408,城間,4475,2105,2370,2285,597,2812,1066
202408,屋富祖,4128,1982,2146,2117,571,2537,1020
202408,宮城,9612,4690,4922,4576,1536,6174,1902
202408,仲西,3282,1547,1735,1974,365,2196,721
202408,小湾,4623,2225,2398,2160,699,2970,954
202408,勢理客,4487,2229,2258,2299,617,2843,1027
202408,内間,9215,4463,4752,4453,1381,5956,1878
202408,沢岻,4255,2088,2167,1822,716,2719,820
202408,経塚,5260,2536,2724,2431,937,3438,885
202408,前田,5867,2866,3001,2642,1021,3736,1110
202408,西原一区,2285,1146,1139,1043,394,1464,427
202408,西原二区,2870,1451,1419,1379,465,1809,596
202408,当山,1786,892,894,765,321,1107,358
202408,大平,4617,2207,2410,2283,645,2871,1101
202408,広栄,751,389,362,415,76,432,243
202408,茶山,955,453,502,418,142,539,274
202408,緑ヶ丘,2054,1002,1052,907,342,1212,500
202408,浦城,4409,2121,2288,1917,794,2921,694
202408,浦添ニュータウン,1928,939,989,915,246,1084,598
202408,牧港ハイツ,315,150,165,150,35,160,120
202408,浦添グリーンハイツ,1907,928,979,886,278,976,653
202408,浅野浦,5177,2427,2750,2219,977,3266,934
202408,前田公務員宿舎,146,69,77,54,42,97,7
202408,港川崎原,143,72,71,90,14,85,44
202408,上野,930,444,486,489,112,521,297
202408,マチナトタウン,1511,744,767,737,219,944,348
202408,神森,1177,550,627,509,216,644,317
202408,浦西,1738,851,887,754,257,819,662
202408,安川,574,272,302,253,90,326,158
202408,当山ハイツ,1092,536,556,510,177,708,207
202408,浦添ハイツ,272,140,132,121,33,144,95
202408,県営経塚団地,280,122,158,125,26,141,113
202408,浦添市街地住宅,323,142,181,163,19,157,147
202408,県営沢岻高層住宅,235,97,138,105,24,124,87
202408,陽迎橋,3246,1600,1646,1356,628,2227,391
202408,県営港川団地,323,138,185,161,24,157,142
202408,キャンプキンザー,55,24,31,24,22,30,3
202409,仲間,2932,1410,1522,1279,524,1796,612
202409,安波茶,1420,703,717,685,238,829,353
202409,伊祖,3867,1912,1955,1863,584,2434,849
202409,牧港,5140,2523,2617,2421,888,3187,1065
202409,港川,5691,2738,2953,2401,1034,3662,995
202409,城間,4470,2098,2372,2286,597,2807,1066
202409,屋富祖,4122,1976,2146,2119,561,2539,1022
202409,宮城,9630,4699,4931,4593,1537,6187,1906
202409,仲西,3269,1540,1729,1965,362,2191,716
202409,小湾,4631,2231,2400,2167,697,2979,955
202409,勢理客,4488,2222,2266,2301,613,2853,1022
202409,内間,9224,4471,4753,4460,1373,5969,1882
202409,沢岻,4254,2091,2163,1822,720,2707,827
202409,経塚,5261,2535,2726,2433,932,3436,893
202409,前田,5861,2863,2998,2642,1018,3727,1116
202409,西原一区,2274,1140,1134,1039,390,1454,430
202409,西原二区,2860,1445,1415,1378,462,1801,597
202409,当山,1779,888,891,761,321,1099,359
202409,大平,4631,2208,2423,2290,650,2881,1100
202409,広栄,753,392,361,415,78,433,242
202409,茶山,954,453,501,418,143,538,273
202409,緑ヶ丘,2036,991,1045,901,339,1197,500
202409,浦城,4418,2124,2294,1922,799,2925,694
202409,浦添ニュータウン,1930,943,987,916,246,1087,597
202409,牧港ハイツ,315,148,167,151,33,162,120
202409,浦添グリーンハイツ,1896,926,970,881,277,971,648
202409,浅野浦,5176,2423,2753,2215,983,3256,937
202409,前田公務員宿舎,145,69,76,53,42,96,7
202409,港川崎原,144,74,70,91,14,86,44
202409,上野,921,441,480,484,111,518,292
202409,マチナトタウン,1505,737,768,731,218,941,346
202409,神森,1173,550,623,509,214,643,316
202409,浦西,1754,857,897,757,266,823,665
202409,安川,569,269,300,251,90,322,157
202409,当山ハイツ,1087,535,552,507,173,704,210
202409,浦添ハイツ,273,140,133,120,34,145,94
202409,県営経塚団地,279,122,157,125,26,139,114
202409,浦添市街地住宅,323,142,181,163,18,158,147
202409,県営沢岻高層住宅,235,97,138,106,24,122,89
202409,陽迎橋,3253,1603,1650,1357,631,2228,394
202409,県営港川団地,319,135,184,159,24,153,142
202409,キャンプキンザー,55,24,31,24,21,31,3
202410,仲間,2925,1404,1521,1277,526,1784,615
202410,安波茶,1418,700,718,682,239,826,353
202410,伊祖,3869,1914,1955,1868,581,2437,851
202410,牧港,5127,2514,2613,2411,890,3175,1062
202410,港川,5699,2740,2959,2406,1032,3672,995
202410,城間,4471,2103,2368,2292,599,2806,1066
202410,屋富祖,4116,1971,2145,2124,561,2530,1025
202410,宮城,9634,4714,4920,4604,1534,6191,1909
202410,仲西,3331,1577,1754,2033,355,2264,712
202410,小湾,4640,2238,2402,2170,698,2985,957
202410,勢理客,4514,2223,2291,2321,613,2876,1025
202410,内間,9211,4461,4750,4458,1369,5961,1881
202410,沢岻,4259,2095,2164,1823,716,2712,831
202410,経塚,5264,2539,2725,2437,931,3436,897
202410,前田,5884,2878,3006,2655,1022,3734,1128
202410,西原一区,2284,1140,1144,1046,387,1463,434
202410,西原二区,2857,1446,1411,1378,459,1800,598
202410,当山,1778,887,891,761,321,1097,360
202410,大平,4631,2212,2419,2289,644,2885,1102
202410,広栄,754,393,361,415,79,433,242
202410,茶山,958,457,501,419,146,538,274
202410,緑ヶ丘,2023,985,1038,898,332,1192,499
202410,浦城,4419,2124,2295,1923,801,2918,700
202410,浦添ニュータウン,1925,939,986,913,244,1085,596
202410,牧港ハイツ,313,147,166,150,34,160,119
202410,浦添グリーンハイツ,1888,924,964,876,275,970,643
202410,浅野浦,5196,2434,2762,2226,988,3269,939
202410,前田公務員宿舎,140,66,74,52,42,91,7
202410,港川崎原,142,74,68,90,13,86,43
202410,上野,924,443,481,487,110,520,294
202410,マチナトタウン,1506,737,769,730,220,943,343
202410,神森,1175,549,626,510,214,645,316
202410,浦西,1752,856,896,758,265,822,665
202410,安川,567,268,299,250,89,323,155
202410,当山ハイツ,1087,531,556,503,180,698,209
202410,浦添ハイツ,273,140,133,120,34,145,94
202410,県営経塚団地,279,122,157,125,26,139,114
202410,浦添市街地住宅,323,142,181,163,17,159,147
202410,県営沢岻高層住宅,234,96,138,106,24,120,90
202410,陽迎橋,3258,1608,1650,1360,630,2228,400
202410,県営港川団地,317,134,183,159,24,150,143
202410,キャンプキンザー,57,24,33,25,22,32,3
202411,仲間,2920,1403,1517,1276,523,1778,619
202411,安波茶,1436,717,719,696,239,840,357
202411,伊祖,3877,1915,1962,1873,584,2439,854
202411,牧港,5121,2509,2612,2409,888,3165,1068
202411,港川,5698,2742,2956,2405,1028,3674,996
202411,城間,4477,2107,2370,2287,606,2802,1069
202411,屋富祖,4119,1973,2146,2131,556,2538,1025
202411,宮城,9632,4713,4919,4614,1519,6198,1915
202411,仲西,3322,1577,1745,2028,351,2261,710
202411,小湾,4624,2227,2397,2171,689,2979,956
202411,勢理客,4522,2223,2299,2322,613,2881,1028
202411,内間,9217,4465,4752,4465,1369,5963,1885
202411,沢岻,4261,2100,2161,1822,721,2708,832
202411,経塚,5284,2541,2743,2452,933,3449,902
202411,前田,5884,2881,3003,2659,1019,3732,1133
202411,西原一区,2286,1143,1143,1046,385,1466,435
202411,西原二区,2845,1439,1406,1372,455,1797,593
202411,当山,1777,885,892,761,319,1098,360
202411,大平,4657,2222,2435,2304,648,2906,1103
202411,広栄,755,393,362,417,80,434,241
202411,茶山,958,457,501,420,145,538,275
202411,緑ヶ丘,2037,989,1048,903,334,1202,501
202411,浦城,4420,2126,2294,1925,801,2917,702
202411,浦添ニュータウン,1923,938,985,915,243,1081,599
202411,牧港ハイツ,313,147,166,150,34,160,119
202411,浦添グリーンハイツ,1892,927,965,879,271,979,642
202411,浅野浦,5190,2430,2760,2229,982,3260,948
202411,前田公務員宿舎,138,66,72,52,41,90,7
202411,港川崎原,142,74,68,90,12,87,43
202411,上野,921,439,482,485,111,519,291
202411,マチナトタウン,1510,736,774,736,220,942,348
202411,神森,1173,547,626,508,213,646,314
202411,浦西,1758,860,898,759,269,825,664
202411,安川,575,272,303,254,90,326,159
202411,当山ハイツ,1085,531,554,501,181,695,209
202411,浦添ハイツ,272,140,132,120,34,143,95
202411,県営経塚団地,279,122,157,125,26,139,114
202411,浦添市街地住宅,321,141,180,162,17,157,147
202411,県営沢岻高層住宅,234,97,137,105,25,119,90
202411,陽迎橋,3257,1612,1645,1361,628,2227,402
202411,県営港川団地,317,134,183,159,24,148,145
202411,キャンプキンザー,55,25,30,23,22,30,3
202412,仲間,2925,1403,1522,1281,520,1784,621
202412,安波茶,1422,707,715,684,237,828,357
202412,伊祖,3888,1918,1970,1876,589,2440,859
202412,牧港,5140,2516,2624,2418,890,3174,1076
202412,港川,5701,2744,2957,2413,1021,3672,1008
202412,城間,4472,2103,2369,2283,608,2791,1073
202412,屋富祖,4118,1972,2146,2133,554,2540,1024
202412,宮城,9609,4701,4908,4609,1516,6172,1921
202412,仲西,3309,1575,1734,2023,351,2253,705
202412,小湾,4623,2226,2397,2170,683,2980,960
202412,勢理客,4509,2219,2290,2315,606,2882,1021
202412,内間,9202,4465,4737,4466,1358,5958,1886
202412,沢岻,4279,2106,2173,1827,728,2722,829
202412,経塚,5303,2546,2757,2461,933,3466,904
202412,前田,5871,2874,2997,2651,1016,3725,1130
202412,西原一区,2275,1136,1139,1041,381,1459,435
202412,西原二区,2843,1441,1402,1371,460,1795,588
202412,当山,1782,887,895,764,316,1102,364
202412,大平,4677,2230,2447,2318,646,2925,1106
202412,広栄,758,395,363,419,80,434,244
202412,茶山,962,458,504,422,146,539,277
202412,緑ヶ丘,2032,987,1045,902,335,1197,500
202412,浦城,4404,2123,2281,1919,792,2908,704
202412,浦添ニュータウン,1916,937,979,909,242,1073,601
202412,牧港ハイツ,317,149,168,151,37,160,120
202412,浦添グリーンハイツ,1888,929,959,881,270,974,644
202412,浅野浦,5182,2428,2754,2224,979,3253,950
202412,前田公務員宿舎,138,66,72,52,41,90,7
202412,港川崎原,167,85,82,109,13,111,43
202412,上野,921,438,483,487,111,517,293
202412,マチナトタウン,1511,738,773,736,223,940,348
202412,神森,1174,546,628,508,213,646,315
202412,浦西,1752,856,896,755,268,820,664
202412,安川,582,275,307,257,91,331,160
202412,当山ハイツ,1082,530,552,500,181,693,208
202412,浦添ハイツ,272,140,132,121,34,142,96
202412,県営経塚団地,278,121,157,125,26,138,114
202412,浦添市街地住宅,321,140,181,162,18,157,146
202412,県営沢岻高層住宅,232,95,137,105,24,119,89
202412,陽迎橋,3276,1620,1656,1366,627,2246,403
202412,県営港川団地,316,133,183,158,24,147,145
202412,キャンプキンザー,57,25,32,25,22,32,3
202501,仲間,2931,1405,1526,1283,519,1791,621
202501,安波茶,1436,720,716,697,239,840,357
202501,伊祖,3887,1912,1975,1874,593,2436,858
202501,牧港,5132,2510,2622,2415,887,3168,1077
202501,港川,5695,2744,2951,2412,1014,3669,1012
202501,城間,4456,2090,2366,2274,607,2776,1073
202501,屋富祖,4118,1968,2150,2134,559,2531,1028
202501,宮城,9598,4690,4908,4602,1507,6174,1917
202501,仲西,3307,1579,1728,2022,344,2253,710
202501,小湾,4638,2237,2401,2174,689,2986,963
202501,勢理客,4503,2214,2289,2317,604,2876,1023
202501,内間,9178,4452,4726,4451,1352,5949,1877
202501,沢岻,4280,2105,2175,1827,731,2721,828
202501,経塚,5297,2535,2762,2460,926,3467,904
202501,前田,5859,2863,2996,2639,1014,3712,1133
202501,西原一区,2275,1137,1138,1041,383,1459,433
202501,西原二区,2832,1438,1394,1370,456,1786,590
202501,当山,1783,888,895,765,313,1099,371
202501,大平,4669,2220,2449,2304,648,2916,1105
202501,広栄,757,396,361,419,79,434,244
202501,茶山,957,454,503,420,147,532,278
202501,緑ヶ丘,2030,989,1041,905,329,1199,502
202501,浦城,4426,2130,2296,1929,802,2914,710
202501,浦添ニュータウン,1922,942,980,916,241,1077,604
202501,牧港ハイツ,319,151,168,151,36,162,121
202501,浦添グリーンハイツ,1893,931,962,884,276,975,642
202501,浅野浦,5188,2427,2761,2231,970,3265,953
202501,前田公務員宿舎,134,64,70,51,41,87,6
202501,港川崎原,216,111,105,136,29,143,44
202501,上野,929,440,489,489,116,518,295
202501,マチナトタウン,1510,736,774,737,224,933,353
202501,神森,1174,545,629,509,209,649,316
202501,浦西,1738,852,886,751,260,817,661
202501,安川,580,274,306,257,90,331,159
202501,当山ハイツ,1079,529,550,500,180,691,208
202501,浦添ハイツ,272,140,132,122,34,141,97
202501,県営経塚団地,279,122,157,126,26,139,114
202501,浦添市街地住宅,319,139,180,161,17,157,145
202501,県営沢岻高層住宅,229,94,135,104,24,118,87
202501,陽迎橋,3277,1619,1658,1361,631,2238,408
202501,県営港川団地,319,134,185,159,26,145,148
202501,キャンプキンザー,59,25,34,26,23,33,3
202502,仲間,2923,1400,1523,1279,518,1784,621
202502,安波茶,1420,705,715,683,238,826,356
202502,伊祖,3874,1908,1966,1871,586,2431,857
202502,牧港,5116,2503,2613,2406,879,3157,1080
202502,港川,5697,2749,2948,2415,1011,3675,1011
202502,城間,4462,2095,2367,2284,604,2781,1077
202502,屋富祖,4117,1969,2148,2136,556,2533,1028
202502,宮城,9565,4672,4893,4594,1499,6145,1921
202502,仲西,3291,1568,1723,2002,346,2236,709
202502,小湾,4619,2226,2393,2162,681,2977,961
202502,勢理客,4513,2211,2302,2321,605,2883,1025
202502,内間,9158,4444,4714,4445,1346,5939,1873
202502,沢岻,4289,2106,2183,1836,724,2735,830
202502,経塚,5292,2533,2759,2457,929,3459,904
202502,前田,5850,2861,2989,2630,1012,3705,1133
202502,西原一区,2291,1147,1144,1050,385,1468,438
202502,西原二区,2844,1442,1402,1379,457,1793,594
202502,当山,1786,889,897,767,315,1101,370
202502,大平,4659,2214,2445,2306,639,2916,1104
202502,広栄,763,400,363,424,79,437,247
202502,茶山,947,448,499,415,146,528,273
202502,緑ヶ丘,2033,990,1043,909,330,1198,505
202502,浦城,4416,2128,2288,1928,794,2913,709
202502,浦添ニュータウン,1917,942,975,914,241,1075,601
202502,牧港ハイツ,318,151,167,151,36,161,121
202502,浦添グリーンハイツ,1882,926,956,878,272,975,635
202502,浅野浦,5236,2453,2783,2252,980,3296,960
202502,前田公務員宿舎,135,64,71,51,42,86,7
202502,港川崎原,243,124,119,158,30,168,45
202502,上野,920,436,484,486,113,512,295
202502,マチナトタウン,1518,743,775,742,223,943,352
202502,神森,1175,542,633,509,211,650,314
202502,浦西,1733,847,886,750,260,812,661
202502,安川,583,276,307,257,90,334,159
202502,当山ハイツ,1075,527,548,498,182,687,206
202502,浦添ハイツ,271,139,132,121,33,142,96
202502,県営経塚団地,281,123,158,127,26,138,117
202502,浦添市街地住宅,322,140,182,163,17,158,147
202502,県営沢岻高層住宅,229,94,135,104,24,118,87
202502,陽迎橋,3273,1617,1656,1357,633,2232,408
202502,県営港川団地,316,132,184,159,26,144,146
202502,キャンプキンザー,56,23,33,25,21,32,3
202503,仲間,2908,1395,1513,1280,510,1773,625
202503,安波茶,1413,699,714,681,239,821,353
202503,伊祖,3858,1899,1959,1857,589,2414,855
202503,牧港,5106,2493,2613,2416,875,3149,1082
202503,港川,5688,2746,2942,2423,998,3671,1019
202503,城間,4457,2095,2362,2297,597,2785,1075
202503,屋富祖,4105,1968,2137,2143,549,2528,1028
202503,宮城,9512,4630,4882,4581,1501,6092,1919
202503,仲西,3013,1464,1549,1729,344,1961,708
202503,小湾,4615,2228,2387,2159,684,2971,960
202503,勢理客,4497,2205,2292,2319,599,2870,1028
202503,内間,9150,4450,4700,4463,1346,5928,1876
202503,沢岻,4280,2100,2180,1844,720,2731,829
202503,経塚,5237,2508,2729,2432,919,3413,905
202503,前田,5819,2845,2974,2627,1015,3673,1131
202503,西原一区,2289,1148,1141,1053,386,1464,439
202503,西原二区,2830,1425,1405,1384,454,1779,597
202503,当山,1772,880,892,761,303,1098,371
202503,大平,4624,2197,2427,2309,626,2893,1105
202503,広栄,753,393,360,424,77,431,245
202503,茶山,937,445,492,411,141,527,269
202503,緑ヶ丘,2064,1004,1060,919,350,1210,504
202503,浦城,4371,2092,2279,1916,775,2887,709
202503,浦添ニュータウン,1926,946,980,917,244,1085,597
202503,牧港ハイツ,320,151,169,152,37,162,121
202503,浦添グリーンハイツ,1875,930,945,881,271,974,630
202503,浅野浦,5240,2467,2773,2271,982,3296,962
202503,前田公務員宿舎,131,63,68,51,39,85,7
202503,港川崎原,267,135,132,180,28,193,46
202503,上野,920,432,488,488,113,512,295
202503,マチナトタウン,1524,747,777,743,230,943,351
202503,神森,1172,541,631,509,210,645,317
202503,浦西,1748,851,897,760,271,818,659
202503,安川,578,273,305,256,86,333,159
202503,当山ハイツ,1077,530,547,502,182,690,205
202503,浦添ハイツ,270,139,131,121,33,141,96
202503,県営経塚団地,279,122,157,127,26,136,117
202503,浦添市街地住宅,321,141,180,164,17,156,148
202503,県営沢岻高層住宅,227,93,134,104,23,116,88
202503,陽迎橋,3255,1616,1639,1359,625,2225,405
202503,県営港川団地,319,136,183,161,26,143,150
202503,キャンプキンザー,56,21,35,25,23,30,3
202504,仲間,2910,1399,1511,1282,505,1780,625
202504,安波茶,1416,701,715,682,241,823,352
202504,伊祖,3858,1900,1958,1863,593,2407,858
202504,牧港,5125,2503,2622,2432,877,3163,1085
202504,港川,5719,2760,2959,2447,990,3704,1025
202504,城間,4446,2095,2351,2298,590,2785,1071
202504,屋富祖,4116,1978,2138,2154,548,2539,1029
202504,宮城,9596,4675,4921,4638,1518,6163,1915
202504,仲西,3059,1462,1597,1769,340,2011,708
202504,小湾,4622,2231,2391,2165,678,2975,969
202504,勢理客,4509,2217,2292,2332,603,2880,1026
202504,内間,9182,4478,4704,4506,1338,5963,1881
202504,沢岻,4290,2100,2190,1855,718,2733,839
202504,経塚,5264,2527,2737,2447,916,3431,917
202504,前田,5805,2835,2970,2619,1013,3657,1135
202504,西原一区,2295,1153,1142,1061,387,1467,441
202504,西原二区,2848,1440,1408,1397,454,1790,604
202504,当山,1777,879,898,765,308,1097,372
202504,大平,4631,2207,2424,2318,629,2898,1104
202504,広栄,757,396,361,427,77,434,246
202504,茶山,934,445,489,412,138,526,270
202504,緑ヶ丘,2064,1000,1064,922,345,1215,504
202504,浦城,4434,2135,2299,1968,782,2945,707
202504,浦添ニュータウン,1929,947,982,919,247,1085,597
202504,牧港ハイツ,319,150,169,151,36,161,122
202504,浦添グリーンハイツ,1880,926,954,888,273,972,635
202504,浅野浦,5258,2481,2777,2283,982,3304,972
202504,前田公務員宿舎,128,62,66,50,39,84,5
202504,港川崎原,273,134,139,184,29,197,47
202504,上野,918,432,486,488,112,513,293
202504,マチナトタウン,1524,751,773,744,232,943,349
202504,神森,1175,541,634,509,212,648,315
202504,浦西,1745,848,897,760,272,815,658
202504,安川,577,269,308,258,84,334,159
202504,当山ハイツ,1078,530,548,500,180,693,205
202504,浦添ハイツ,269,138,131,121,33,139,97
202504,県営経塚団地,278,122,156,126,26,136,116
202504,浦添市街地住宅,319,140,179,162,17,156,146
202504,県営沢岻高層住宅,225,92,133,104,22,114,89
202504,陽迎橋,3256,1618,1638,1357,626,2225,405
202504,県営港川団地,315,135,180,159,26,140,149
202504,キャンプキンザー,54,21,33,24,22,29,3
202505,仲間,2925,1404,1521,1287,508,1791,626
202505,安波茶,1399,690,709,676,236,812,351
202505,伊祖,3860,1899,1961,1864,599,2405,856
202505,牧港,5109,2500,2609,2430,872,3155,1082
202505,港川,5743,2772,2971,2453,992,3718,1033
202505,城間,4441,2093,2348,2302,584,2782,1075
202505,屋富祖,4123,1979,2144,2164,554,2537,1032
202505,宮城,9586,4677,4909,4631,1505,6165,1916
202505,仲西,3044,1450,1594,1755,339,1991,714
202505,小湾,4606,2222,2384,2164,673,2965,968
202505,勢理客,4500,2213,2287,2333,596,2881,1023
202505,内間,9158,4466,4692,4499,1337,5936,1885
202505,沢岻,4289,2099,2190,1853,715,2732,842
202505,経塚,5264,2530,2734,2452,906,3440,918
202505,前田,5820,2840,2980,2631,1018,3665,1137
202505,西原一区,2300,1155,1145,1065,388,1465,447
202505,西原二区,2852,1441,1411,1403,454,1786,612
202505,当山,1785,881,904,772,307,1101,377
202505,大平,4634,2203,2431,2329,630,2901,1103
202505,広栄,759,397,362,429,75,439,245
202505,茶山,930,442,488,409,139,521,270
202505,緑ヶ丘,2064,997,1067,923,341,1215,508
202505,浦城,4422,2127,2295,1973,772,2941,709
202505,浦添ニュータウン,1932,948,984,924,248,1087,597
202505,牧港ハイツ,325,155,170,154,39,165,121
202505,浦添グリーンハイツ,1891,932,959,894,276,979,636
202505,浅野浦,5265,2484,2781,2283,987,3310,968
202505,前田公務員宿舎,129,62,67,50,40,84,5
202505,港川崎原,271,132,139,183,29,195,47
202505,上野,920,433,487,488,111,513,296
202505,マチナトタウン,1531,754,777,748,235,947,349
202505,神森,1178,542,636,512,212,651,315
202505,浦西,1747,847,900,760,275,816,656
202505,安川,577,269,308,258,85,334,158
202505,当山ハイツ,1077,529,548,500,181,687,209
202505,浦添ハイツ,269,138,131,121,32,138,99
202505,県営経塚団地,283,123,160,128,27,138,118
202505,浦添市街地住宅,319,140,179,162,17,155,147
202505,県営沢岻高層住宅,230,95,135,106,24,117,89
202505,陽迎橋,3245,1618,1627,1353,625,2225,395
202505,県営港川団地,315,135,180,159,26,140,149
202505,キャンプキンザー,54,21,33,24,21,30,3
202506,仲間,2931,1410,1521,1289,511,1789,631
202506,安波茶,1402,691,711,679,233,817,352
202506,伊祖,3873,1907,1966,1875,597,2418,858
202506,牧港,5110,2506,2604,2432,864,3164,1082
202506,港川,5765,2779,2986,2464,997,3731,1037
202506,城間,4437,2093,2344,2301,578,2780,1079
202506,屋富祖,4133,1990,2143,2165,559,2541,1033
202506,宮城,9602,4683,4919,4636,1512,6175,1915
202506,仲西,3043,1445,1598,1755,338,1988,717
202506,小湾,4630,2231,2399,2176,681,2982,967
202506,勢理客,4495,2210,2285,2337,591,2883,1021
202506,内間,9146,4464,4682,4488,1329,5935,1882
202506,沢岻,4288,2098,2190,1856,712,2732,844
202506,経塚,5263,2525,2738,2453,904,3442,917
202506,前田,5828,2843,2985,2635,1018,3674,1136
202506,西原一区,2296,1149,1147,1060,391,1457,448
202506,西原二区,2833,1434,1399,1395,443,1781,609
202506,当山,1781,879,902,773,304,1096,381
202506,大平,4632,2207,2425,2326,631,2897,1104
202506,広栄,760,397,363,430,76,440,244
202506,茶山,928,443,485,408,138,520,270
202506,緑ヶ丘,2065,1000,1065,926,340,1217,508
202506,浦城,4411,2121,2290,1973,771,2937,703
202506,浦添ニュータウン,1929,947,982,923,247,1081,601
202506,牧港ハイツ,325,155,170,156,38,166,121
202506,浦添グリーンハイツ,1891,930,961,893,279,977,635
202506,浅野浦,5247,2482,2765,2273,978,3296,973
202506,前田公務員宿舎,120,57,63,48,35,80,5
202506,港川崎原,286,142,144,195,32,206,48
202506,上野,923,431,492,487,113,512,298
202506,マチナトタウン,1527,751,776,745,235,944,348
202506,神森,1180,544,636,516,209,656,315
202506,浦西,1747,849,898,767,272,819,656
202506,安川,576,268,308,259,84,334,158
202506,当山ハイツ,1063,521,542,495,173,681,209
202506,浦添ハイツ,268,136,132,121,32,138,98
202506,県営経塚団地,283,123,160,128,27,135,121
202506,浦添市街地住宅,331,147,184,166,23,158,150
202506,県営沢岻高層住宅,229,95,134,106,24,116,89
202506,陽迎橋,3256,1626,1630,1356,629,2234,393
202506,県営港川団地,321,138,183,161,26,141,154
202506,キャンプキンザー,54,21,33,24,21,30,3
202507,仲間,2925,1407,1518,1284,511,1786,628
202507,安波茶,1412,702,710,692,229,829,354
202507,伊祖,3867,1903,1964,1869,591,2423,853
202507,牧港,5108,2506,2602,2434,861,3164,1083
202507,港川,5747,2771,2976,2462,996,3710,1041
202507,城間,4448,2099,2349,2307,576,2796,1076
202507,屋富祖,4135,1995,2140,2169,560,2541,1034
202507,宮城,9604,4686,4918,4645,1512,6167,1925
202507,仲西,3120,1480,1640,1830,338,2066,716
202507,小湾,4630,2230,2400,2179,680,2980,970
202507,勢理客,4503,2215,2288,2348,593,2892,1018
202507,内間,9147,4465,4682,4489,1329,5936,1882
202507,沢岻,4273,2087,2186,1858,711,2718,844
202507,経塚,5249,2522,2727,2455,892,3442,915
202507,前田,5823,2835,2988,2634,1015,3677,1131
202507,西原一区,2288,1146,1142,1059,387,1454,447
202507,西原二区,2838,1432,1406,1398,438,1792,608
202507,当山,1773,876,897,774,301,1088,384
202507,大平,4615,2198,2417,2315,629,2882,1104
202507,広栄,759,395,364,431,76,440,243
202507,茶山,921,442,479,406,132,520,269
202507,緑ヶ丘,2083,1007,1076,931,345,1229,509
202507,浦城,4405,2116,2289,1973,764,2936,705
202507,浦添ニュータウン,1929,946,983,924,247,1081,601
202507,牧港ハイツ,324,155,169,155,38,166,120
202507,浦添グリーンハイツ,1883,925,958,894,277,971,635
202507,浅野浦,5274,2497,2777,2289,987,3304,983
202507,前田公務員宿舎,117,56,61,47,35,77,5
202507,港川崎原,284,143,141,195,27,208,49
202507,上野,915,428,487,484,110,506,299
202507,マチナトタウン,1528,750,778,747,233,944,351
202507,神森,1174,543,631,515,208,651,315
202507,浦西,1745,846,899,767,274,815,656
202507,安川,572,266,306,258,83,330,159
202507,当山ハイツ,1076,529,547,502,174,693,209
202507,浦添ハイツ,266,135,131,120,32,136,98
202507,県営経塚団地,283,123,160,128,27,135,121
202507,浦添市街地住宅,338,150,188,168,25,162,151
202507,県営沢岻高層住宅,229,95,134,106,24,116,89
202507,陽迎橋,3302,1648,1654,1373,642,2265,395
202507,県営港川団地,320,138,182,161,26,139,155
202507,キャンプキンザー,55,22,33,23,23,29,3
202508,仲間,2926,1409,1517,1287,505,1795,626
202508,安波茶,1393,688,705,682,224,816,353
202508,伊祖,3854,1899,1955,1870,584,2415,855
202508,牧港,5124,2513,2611,2442,864,3180,1080
202508,港川,5747,2770,2977,2457,997,3712,1038
202508,城間,4446,2093,2353,2309,573,2797,1076
202508,屋富祖,4155,2002,2153,2180,562,2553,1040
202508,宮城,9672,4715,4957,4678,1539,6207,1926
202508,仲西,3109,1472,1637,1824,335,2054,720
202508,小湾,4622,2217,2405,2177,676,2981,965
202508,勢理客,4486,2203,2283,2342,586,2883,1017
202508,内間,9121,4456,4665,4484,1320,5919,1882
202508,沢岻,4271,2087,2184,1858,711,2720,840
202508,経塚,5263,2529,2734,2469,892,3453,918
202508,前田,5809,2833,2976,2635,1003,3675,1131
202508,西原一区,2292,1150,1142,1063,383,1461,448
202508,西原二区,2822,1422,1400,1393,428,1779,615
202508,当山,1772,876,896,773,299,1089,384
202508,大平,4613,2203,2410,2318,622,2881,1110
202508,広栄,758,394,364,428,76,437,245
202508,茶山,917,438,479,404,132,515,270
202508,緑ヶ丘,2091,1015,1076,940,345,1236,510
202508,浦城,4411,2124,2287,1977,762,2936,713
202508,浦添ニュータウン,1919,944,975,923,243,1080,596
202508,牧港ハイツ,324,154,170,155,37,166,121
202508,浦添グリーンハイツ,1891,926,965,897,278,973,640
202508,浅野浦,5277,2498,2779,2294,984,3310,983
202508,前田公務員宿舎,113,54,59,45,35,73,5
202508,港川崎原,291,146,145,202,27,215,49
202508,上野,921,431,490,487,114,510,297
202508,マチナトタウン,1528,752,776,749,233,942,353
202508,神森,1174,544,630,514,207,651,316
202508,浦西,1755,851,904,774,276,822,657
202508,安川,568,263,305,258,83,326,159
202508,当山ハイツ,1084,533,551,507,176,700,208
202508,浦添ハイツ,267,136,131,121,32,137,98
202508,県営経塚団地,282,123,159,128,27,134,121
202508,浦添市街地住宅,338,150,188,168,25,161,152
202508,県営沢岻高層住宅,229,95,134,106,24,116,89
202508,陽迎橋,3352,1676,1676,1393,652,2301,399
202508,県営港川団地,318,137,181,161,26,139,153
202508,キャンプキンザー,61,22,39,27,25,33,3
202509,仲間,2925,1411,1514,1287,503,1795,627
202509,安波茶,1394,691,703,683,223,822,349
202509,伊祖,3853,1898,1955,1868,582,2410,861
202509,牧港,5143,2519,2624,2460,866,3197,1080
202509,港川,5753,2778,2975,2462,989,3714,1050
202509,城間,4432,2091,2341,2303,566,2789,1077
202509,屋富祖,4159,2006,2153,2186,563,2550,1046
202509,宮城,9675,4714,4961,4678,1539,6202,1934
202509,仲西,3095,1467,1628,1814,333,2044,718
202509,小湾,4616,2216,2400,2164,679,2977,960
202509,勢理客,4478,2205,2273,2343,590,2873,1015
202509,内間,9123,4455,4668,4475,1327,5905,1891
202509,沢岻,4267,2078,2189,1863,698,2727,842
202509,経塚,5271,2532,2739,2467,892,3460,919
202509,前田,5805,2827,2978,2640,997,3676,1132
202509,西原一区,2305,1156,1149,1068,389,1470,446
202509,西原二区,2809,1421,1388,1386,421,1776,612
202509,当山,1776,878,898,776,299,1093,384
202509,大平,4616,2203,2413,2316,623,2886,1107
202509,広栄,754,392,362,428,71,435,248
202509,茶山,916,437,479,405,131,513,272
202509,緑ヶ丘,2092,1016,1076,940,350,1231,511
202509,浦城,4412,2125,2287,1977,761,2935,716
202509,浦添ニュータウン,1914,942,972,921,243,1071,600
202509,牧港ハイツ,324,154,170,156,37,166,121
202509,浦添グリーンハイツ,1888,924,964,896,275,974,639
202509,浅野浦,5272,2492,2780,2294,987,3299,986
202509,前田公務員宿舎,113,54,59,45,35,73,5
202509,港川崎原,290,146,144,201,27,214,49
202509,上野,914,426,488,484,113,504,297
202509,マチナトタウン,1532,751,781,750,237,942,353
202509,神森,1175,543,632,517,208,651,316
202509,浦西,1755,850,905,776,277,821,657
202509,安川,564,262,302,255,82,324,158
202509,当山ハイツ,1083,531,552,503,177,698,208
202509,浦添ハイツ,267,136,131,121,31,138,98
202509,県営経塚団地,282,123,159,128,25,136,121
202509,浦添市街地住宅,340,150,190,170,25,160,155
202509,県営沢岻高層住宅,228,95,133,106,24,115,89
202509,陽迎橋,3355,1674,1681,1395,649,2300,406
202509,県営港川団地,326,139,187,165,26,144,156
202509,キャンプキンザー,61,22,39,27,25,33,3
202510,仲間,2920,1409,1511,1289,499,1792,629
202510,安波茶,1392,685,707,680,222,817,353
202510,伊祖,3867,1909,1958,1875,588,2414,865
202510,牧港,5134,2514,2620,2459,858,3193,1083
202510,港川,5750,2767,2983,2460,991,3705,1054
202510,城間,4429,2094,2335,2303,571,2778,1080
202510,屋富祖,4170,2011,2159,2190,571,2549,1050
202510,宮城,9701,4732,4969,4692,1545,6212,1944
202510,仲西,3173,1502,1671,1894,329,2125,719
202510,小湾,4609,2218,2391,2168,683,2968,958
202510,勢理客,4502,2216,2286,2358,596,2886,1020
202510,内間,9129,4464,4665,4482,1329,5904,1896
202510,沢岻,4270,2076,2194,1869,691,2733,846
202510,経塚,5277,2531,2746,2467,897,3460,920
202510,前田,5838,2847,2991,2655,1004,3700,1134
202510,西原一区,2307,1161,1146,1069,389,1471,447
202510,西原二区,2819,1425,1394,1390,421,1782,616
202510,当山,1773,880,893,774,298,1090,385
202510,大平,4615,2199,2416,2320,619,2886,1110
202510,広栄,751,391,360,427,71,432,248
202510,茶山,916,434,482,405,130,515,271
202510,緑ヶ丘,2090,1015,1075,937,352,1225,513
202510,浦城,4411,2123,2288,1977,763,2931,717
202510,浦添ニュータウン,1901,936,965,917,240,1064,597
202510,牧港ハイツ,326,154,172,156,40,167,119
202510,浦添グリーンハイツ,1892,927,965,900,274,977,641
202510,浅野浦,5275,2496,2779,2296,983,3302,990
202510,前田公務員宿舎,113,55,58,44,35,71,7
202510,港川崎原,284,143,141,200,26,210,48
202510,上野,908,425,483,480,111,498,299
202510,マチナトタウン,1533,753,780,747,240,937,356
202510,神森,1169,539,630,517,201,653,315
202510,浦西,1760,855,905,779,276,823,661
202510,安川,567,263,304,257,82,328,157
202510,当山ハイツ,1082,530,552,503,174,699,209
202510,浦添ハイツ,268,135,133,121,29,141,98
202510,県営経塚団地,281,122,159,128,25,136,120
202510,浦添市街地住宅,344,150,194,172,26,161,157
202510,県営沢岻高層住宅,228,95,133,106,24,114,90
202510,陽迎橋,3363,1682,1681,1404,650,2295,418
202510,県営港川団地,330,141,189,167,26,146,158
202510,キャンプキンザー,65,24,41,27,28,34,3
202511,仲間,2924,1411,1513,1292,497,1793,634
202511,安波茶,1393,689,704,682,220,820,353
202511,伊祖,3858,1900,1958,1876,586,2404,868
202511,牧港,5137,2514,2623,2463,864,3191,1082
202511,港川,5748,2766,2982,2463,986,3702,1060
202511,城間,4413,2082,2331,2299,563,2773,1077
202511,屋富祖,4172,2017,2155,2193,571,2544,1057
202511,宮城,9672,4725,4947,4688,1518,6213,1941
202511,仲西,3175,1502,1673,1893,328,2122,725
202511,小湾,4615,2222,2393,2168,679,2978,958
202511,勢理客,4491,2209,2282,2352,600,2870,1021
202511,内間,9138,4464,4674,4493,1329,5915,1894
202511,沢岻,4274,2076,2198,1876,693,2732,849
202511,経塚,5291,2534,2757,2471,903,3461,927
202511,前田,5827,2846,2981,2656,1002,3686,1139
202511,西原一区,2303,1160,1143,1067,381,1475,447
202511,西原二区,2822,1429,1393,1392,420,1785,617
202511,当山,1782,883,899,779,301,1096,385
202511,大平,4640,2204,2436,2326,630,2898,1112
202511,広栄,748,393,355,425,70,431,247
202511,茶山,917,434,483,407,130,516,271
202511,緑ヶ丘,2088,1014,1074,938,351,1223,514
202511,浦城,4414,2128,2286,1977,764,2928,722
202511,浦添ニュータウン,1894,930,964,913,235,1064,595
202511,牧港ハイツ,322,152,170,154,40,165,117
202511,浦添グリーンハイツ,1885,923,962,899,272,968,645
202511,浅野浦,5282,2500,2782,2299,981,3303,998
202511,前田公務員宿舎,113,55,58,44,35,71,7
202511,港川崎原,286,145,141,201,26,211,49
202511,上野,906,424,482,480,110,494,302
202511,マチナトタウン,1525,748,777,747,239,934,352
202511,神森,1159,533,626,517,192,654,313
202511,浦西,1764,858,906,781,274,829,661
202511,安川,565,263,302,256,82,323,160
202511,当山ハイツ,1089,534,555,505,175,705,209
202511,浦添ハイツ,266,133,133,119,29,139,98
202511,県営経塚団地,281,122,159,128,25,135,121
202511,浦添市街地住宅,343,150,193,171,26,161,156
202511,県営沢岻高層住宅,228,95,133,106,24,114,90
202511,陽迎橋,3374,1684,1690,1407,656,2297,421
202511,県営港川団地,330,141,189,167,26,146,158
202511,キャンプキンザー,64,24,40,27,26,35,3
202512,仲間,2920,1410,1510,1289,497,1790,633
202512,安波茶,1393,689,704,677,224,814,355
202512,伊祖,3861,1908,1953,1878,579,2412,870
202512,牧港,5145,2513,2632,2469,868,3196,1081
202512,港川,5736,2765,2971,2457,983,3695,1058
202512,城間,4423,2087,2336,2310,556,2782,1085
202512,屋富祖,4181,2023,2158,2193,568,2556,1057
202512,宮城,9665,4733,4932,4688,1510,6212,1943
202512,仲西,3184,1510,1674,1900,328,2135,721
202512,小湾,4607,2213,2394,2172,676,2963,968
202512,勢理客,4481,2208,2273,2360,590,2870,1021
202512,内間,9149,4469,4680,4499,1330,5919,1900
202512,沢岻,4275,2078,2197,1876,690,2735,850
202512,経塚,5302,2537,2765,2485,896,3471,935
202512,前田,5819,2845,2974,2649,1004,3668,1147
202512,西原一区,2310,1167,1143,1071,379,1483,448
202512,西原二区,2820,1429,1391,1391,417,1790,613
202512,当山,1776,879,897,778,299,1094,383
202512,大平,4629,2201,2428,2316,635,2884,1110
202512,広栄,747,391,356,422,70,432,245
202512,茶山,916,433,483,405,131,515,270
202512,緑ヶ丘,2090,1014,1076,936,351,1224,515
202512,浦城,4419,2126,2293,1981,762,2933,724
202512,浦添ニュータウン,1898,931,967,916,235,1066,597
202512,牧港ハイツ,320,152,168,153,39,165,116
202512,浦添グリーンハイツ,1882,919,963,901,271,965,646
202512,浅野浦,5280,2497,2783,2302,975,3308,997
202512,前田公務員宿舎,108,53,55,43,33,68,7
202512,港川崎原,288,147,141,203,26,211,51
202512,上野,911,428,483,482,112,495,304
202512,マチナトタウン,1535,751,784,749,247,935,353
202512,神森,1159,532,627,517,191,655,313
202512,浦西,1767,860,907,781,275,828,664
202512,安川,566,265,301,257,82,324,160
202512,当山ハイツ,1101,540,561,508,181,710,210
202512,浦添ハイツ,267,134,133,119,29,140,98
202512,県営経塚団地,281,122,159,128,25,134,122
202512,浦添市街地住宅,343,149,194,170,25,162,156
202512,県営沢岻高層住宅,228,95,133,106,23,114,91
202512,陽迎橋,3365,1679,1686,1405,651,2289,425
202512,県営港川団地,333,143,190,169,26,146,161
202512,キャンプキンザー,65,25,40,27,27,35,3
202601,仲間,2909,1403,1506,1285,496,1781,632
202601,安波茶,1391,688,703,679,221,816,354
202601,伊祖,3868,1910,1958,1884,579,2418,871
202601,牧港,5170,2527,2643,2484,873,3219,1078
202601,港川,5735,2763,2972,2459,978,3689,1068
202601,城間,4418,2085,2333,2308,553,2783,1082
202601,屋富祖,4190,2027,2163,2197,572,2560,1058
202601,宮城,9657,4731,4926,4673,1511,6197,1949
202601,仲西,3183,1504,1679,1894,330,2132,721
202601,小湾,4606,2210,2396,2168,674,2961,971
202601,勢理客,4477,2199,2278,2354,591,2860,1026
202601,内間,9158,4469,4689,4502,1338,5920,1900
202601,沢岻,4267,2076,2191,1873,687,2726,854
202601,経塚,5326,2552,2774,2495,899,3491,936
202601,前田,5807,2839,2968,2639,999,3652,1156
202601,西原一区,2300,1161,1139,1069,377,1480,443
202601,西原二区,2818,1426,1392,1389,417,1789,612
202601,当山,1767,874,893,775,295,1090,382
202601,大平,4642,2211,2431,2320,644,2885,1113
202601,広栄,751,394,357,427,70,438,243
202601,茶山,916,432,484,406,130,516,270
202601,緑ヶ丘,2079,1010,1069,932,346,1217,516
202601,浦城,4413,2117,2296,1976,760,2928,725
202601,浦添ニュータウン,1884,923,961,909,228,1063,593
202601,牧港ハイツ,320,152,168,154,39,165,116
202601,浦添グリーンハイツ,1871,912,959,895,269,964,638
202601,浅野浦,5274,2494,2780,2295,971,3304,999
202601,前田公務員宿舎,108,53,55,42,32,69,7
202601,港川崎原,280,146,134,196,26,203,51
202601,上野,906,425,481,482,105,494,307
202601,マチナトタウン,1532,751,781,748,245,933,354
202601,神森,1156,534,622,518,189,653,314
202601,浦西,1757,856,901,772,273,819,665
202601,安川,565,264,301,257,81,321,163
202601,当山ハイツ,1092,537,555,506,179,700,213
202601,浦添ハイツ,268,134,134,121,27,142,99
202601,県営経塚団地,289,128,161,129,30,137,122
202601,浦添市街地住宅,344,150,194,171,25,162,157
202601,県営沢岻高層住宅,228,95,133,106,23,114,91
202601,陽迎橋,3370,1679,1691,1407,649,2299,422
202601,県営港川団地,333,143,190,168,28,144,161
202601,キャンプキンザー,58,22,36,25,23,32,3
202602,仲間,2914,1405,1509,1289,499,1781,634
202602,安波茶,1398,694,704,686,223,822,353
202602,伊祖,3860,1909,1951,1880,568,2418,874
202602,牧港,5190,2534,2656,2492,880,3229,1081
202602,港川,5722,2751,2971,2458,967,3683,1072
202602,城間,4417,2091,2326,2312,552,2786,1079
202602,屋富祖,4180,2022,2158,2193,564,2561,1055
202602,宮城,9646,4730,4916,4669,1509,6191,1946
202602,仲西,3167,1496,1671,1886,325,2120,722
202602,小湾,4620,2215,2405,2177,672,2978,970
202602,勢理客,4464,2195,2269,2345,589,2850,1025
202602,内間,9121,4449,4672,4492,1325,5899,1897
202602,沢岻,4265,2076,2189,1867,690,2718,857
202602,経塚,5322,2551,2771,2494,892,3491,939
202602,前田,5821,2850,2971,2649,998,3662,1161
202602,西原一区,2298,1160,1138,1066,374,1480,444
202602,西原二区,2833,1436,1397,1397,417,1804,612
202602,当山,1770,876,894,776,295,1091,384
202602,大平,4641,2210,2431,2315,649,2871,1121
202602,広栄,749,396,353,424,69,437,243
202602,茶山,918,430,488,410,130,518,270
202602,緑ヶ丘,2073,1008,1065,933,341,1215,517
202602,浦城,4420,2122,2298,1981,758,2935,727
202602,浦添ニュータウン,1878,920,958,910,227,1059,592
202602,牧港ハイツ,318,151,167,153,39,164,115
202602,浦添グリーンハイツ,1878,915,963,898,275,969,634
202602,浅野浦,5282,2497,2785,2303,964,3317,1001
202602,前田公務員宿舎,108,53,55,42,32,69,7
202602,港川崎原,285,150,135,198,28,206,51
202602,上野,906,424,482,482,106,494,306
202602,マチナトタウン,1537,753,784,750,246,938,353
202602,神森,1154,532,622,520,185,654,315
202602,浦西,1763,857,906,773,277,820,666
202602,安川,558,263,295,255,79,318,161
202602,当山ハイツ,1083,534,549,502,178,693,212
202602,浦添ハイツ,270,135,135,123,27,143,100
202602,県営経塚団地,291,128,163,130,30,137,124
202602,浦添市街地住宅,346,151,195,172,25,163,158
202602,県営沢岻高層住宅,228,95,133,106,23,113,92
202602,陽迎橋,3370,1682,1688,1404,652,2290,428
202602,県営港川団地,331,142,189,168,28,141,162
202602,キャンプキンザー,64,24,40,26,27,34,3
202603,仲間,2913,1408,1505,1290,494,1787,632
202603,安波茶,1390,684,706,679,225,812,353
202603,伊祖,3855,1906,1949,1879,572,2416,867
202603,牧港,5137,2510,2627,2468,873,3186,1078
202603,港川,5673,2738,2935,2455,958,3638,1077
202603,城間,4417,2092,2325,2327,551,2777,1089
202603,屋富祖,4157,2004,2153,2190,563,2543,1051
202603,宮城,9566,4682,4884,4645,1483,6121,1962
202603,仲西,3030,1436,1594,1746,337,1970,723
202603,小湾,4598,2215,2383,2182,658,2974,966
202603,勢理客,4439,2190,2249,2330,581,2831,1027
202603,内間,9125,4454,4671,4507,1346,5878,1901
202603,沢岻,4252,2072,2180,1875,686,2707,859
202603,経塚,5289,2532,2757,2481,892,3461,936
202603,前田,5809,2836,2973,2651,1003,3640,1166
202603,西原一区,2297,1161,1136,1066,372,1482,443
202603,西原二区,2838,1436,1402,1402,424,1801,613
202603,当山,1754,865,889,777,287,1083,384
202603,大平,4648,2214,2434,2328,649,2872,1127
202603,広栄,740,391,349,423,67,430,243
202603,茶山,919,430,489,412,129,521,269
202603,緑ヶ丘,2059,998,1061,935,344,1197,518
202603,浦城,4376,2098,2278,1958,751,2898,727
202603,浦添ニュータウン,1871,919,952,910,226,1060,585
202603,牧港ハイツ,314,150,164,152,38,161,115
202603,浦添グリーンハイツ,1873,912,961,905,266,966,641
202603,浅野浦,5239,2476,2763,2296,946,3295,998
202603,前田公務員宿舎,106,51,55,42,32,67,7
202603,港川崎原,287,151,136,201,29,207,51
202603,上野,900,420,480,481,106,488,306
202603,マチナトタウン,1523,747,776,750,242,926,355
202603,神森,1150,529,621,521,182,651,317
202603,浦西,1755,853,902,775,272,818,665
202603,安川,560,261,299,257,80,319,161
202603,当山ハイツ,1080,534,546,503,180,687,213
202603,浦添ハイツ,269,135,134,123,27,141,101
202603,県営経塚団地,288,125,163,129,30,132,126
202603,浦添市街地住宅,344,149,195,172,22,166,156
202603,県営沢岻高層住宅,226,94,132,106,23,111,92
202603,陽迎橋,3392,1691,1701,1422,661,2298,433
202603,県営港川団地,334,143,191,169,29,141,164
202603,キャンプキンザー,62,24,38,27,25,34,3
202604,仲間,2924,1421,1503,1294,503,1785,636
202604,安波茶,1386,684,702,682,224,809,353
202604,伊祖,3849,1898,1951,1888,567,2412,870
202604,牧港,5136,2512,2624,2474,874,3184,1078
202604,港川,5661,2741,2920,2456,953,3620,1088
202604,城間,4461,2123,2338,2375,551,2827,1083
202604,屋富祖,4150,2006,2144,2197,557,2534,1059
202604,宮城,9611,4713,4898,4675,1492,6158,1961
202604,仲西,3061,1456,1605,1780,339,1991,731
202604,小湾,4601,2220,2381,2181,658,2973,970
202604,勢理客,4430,2189,2241,2326,578,2826,1026
202604,内間,9136,4458,4678,4519,1345,5881,1910
202604,沢岻,4252,2075,2177,1880,682,2710,860
202604,経塚,5301,2535,2766,2490,890,3470,941
202604,前田,5775,2823,2952,2642,999,3612,1164
202604,西原一区,2303,1166,1137,1076,371,1487,445
202604,西原二区,2839,1430,1409,1404,426,1797,616
202604,当山,1766,872,894,782,291,1084,391
202604,大平,4641,2205,2436,2326,646,2867,1128
202604,広栄,740,394,346,422,68,430,242
202604,茶山,919,431,488,413,128,523,268
202604,緑ヶ丘,2046,992,1054,934,341,1194,511
202604,浦城,4408,2127,2281,1989,752,2926,730
202604,浦添ニュータウン,1866,915,951,908,228,1051,587
202604,牧港ハイツ,316,151,165,152,39,163,114
202604,浦添グリーンハイツ,1877,913,964,906,265,964,648
202604,浅野浦,5247,2479,2768,2301,949,3293,1005
202604,前田公務員宿舎,103,48,55,40,32,65,6
202604,港川崎原,287,154,133,204,28,208,51
202604,上野,900,420,480,481,107,485,308
202604,マチナトタウン,1528,752,776,754,244,926,358
202604,神森,1149,527,622,522,181,650,318
202604,浦西,1757,856,901,783,271,820,666
202604,安川,558,260,298,256,80,317,161
202604,当山ハイツ,1076,533,543,503,179,683,214
202604,浦添ハイツ,271,137,134,125,29,141,101
202604,県営経塚団地,288,125,163,129,29,133,126
202604,浦添市街地住宅,350,152,198,174,22,172,156
202604,県営沢岻高層住宅,226,94,132,106,23,110,93
202604,陽迎橋,3417,1701,1716,1434,667,2311,439
202604,県営港川団地,335,143,192,169,29,141,165
202604,キャンプキンザー,55,22,33,25,21,31,3
202605,仲間,2921,1420,1501,1295,499,1785,637
202605,安波茶,1376,676,700,678,216,807,353
202605,伊祖,3829,1890,1939,1890,557,2395,877
202605,牧港,5128,2509,2619,2488,862,3192,1074
202605,港川,5658,2735,2923,2455,954,3615,1089
202605,城間,4461,2125,2336,2375,552,2824,1085
202605,屋富祖,4152,2009,2143,2194,561,2531,1060
202605,宮城,9613,4706,4907,4677,1494,6154,1965
202605,仲西,3062,1458,1604,1779,339,1990,733
202605,小湾,4598,2221,2377,2181,659,2969,970
202605,勢理客,4433,2196,2237,2322,578,2831,1024
202605,内間,9112,4442,4670,4518,1319,5882,1911
202605,沢岻,4262,2080,2182,1883,684,2713,865
202605,経塚,5308,2535,2773,2487,891,3468,949
202605,前田,5783,2825,2958,2641,999,3624,1160
202605,西原一区,2307,1170,1137,1076,369,1491,447
202605,西原二区,2845,1436,1409,1404,432,1791,622
202605,当山,1765,872,893,787,288,1085,392
202605,大平,4631,2205,2426,2328,641,2859,1131
202605,広栄,741,396,345,423,69,427,245
202605,茶山,911,426,485,411,125,516,270
202605,緑ヶ丘,2042,990,1052,935,341,1188,513
202605,浦城,4407,2132,2275,1990,750,2924,733
202605,浦添ニュータウン,1861,913,948,906,226,1049,586
202605,牧港ハイツ,317,152,165,152,39,164,114
202605,浦添グリーンハイツ,1876,911,965,907,266,961,649
202605,浅野浦,5262,2484,2778,2308,950,3305,1007
202605,前田公務員宿舎,102,47,55,40,32,64,6
202605,港川崎原,291,155,136,205,28,211,52
202605,上野,901,418,483,482,108,484,309
202605,マチナトタウン,1524,751,773,754,241,924,359
202605,神森,1148,527,621,522,181,650,317
202605,浦西,1757,857,900,785,267,827,663
202605,安川,558,261,297,255,79,318,161
202605,当山ハイツ,1074,531,543,504,176,684,214
202605,浦添ハイツ,271,137,134,125,29,141,101
202605,県営経塚団地,285,123,162,128,29,132,124
202605,浦添市街地住宅,349,151,198,174,22,171,156
202605,県営沢岻高層住宅,226,94,132,106,23,110,93
202605,陽迎橋,3424,1706,1718,1439,669,2313,442
202605,県営港川団地,334,144,190,168,30,138,166
202605,キャンプキンザー,55,22,33,25,21,31,3
202606,仲間,2921,1419,1502,1296,500,1784,637
202606,安波茶,1380,678,702,678,216,810,354
202606,伊祖,3818,1881,1937,1889,553,2386,879
202606,牧港,5129,2511,2618,2494,859,3201,1069
202606,港川,5658,2734,2924,2458,957,3607,1094
202606,城間,4451,2116,2335,2368,549,2816,1086
202606,屋富祖,4141,2004,2137,2190,560,2520,1061
202606,宮城,9621,4723,4898,4682,1497,6159,1965
202606,仲西,3059,1454,1605,1774,340,1989,730
202606,小湾,4609,2220,2389,2188,656,2980,973
202606,勢理客,4447,2200,2247,2329,574,2850,1023
202606,内間,9117,4440,4677,4527,1318,5888,1911
202606,沢岻,4234,2068,2166,1876,680,2692,862
202606,経塚,5325,2546,2779,2492,897,3476,952
202606,前田,5788,2822,2966,2642,1001,3626,1161
202606,西原一区,2299,1166,1133,1071,369,1480,450
202606,西原二区,2845,1437,1408,1406,436,1787,622
202606,当山,1759,869,890,783,283,1084,392
202606,大平,4626,2199,2427,2328,641,2854,1131
202606,広栄,752,397,355,427,73,432,247
202606,茶山,907,424,483,410,122,512,273
202606,緑ヶ丘,2048,991,1057,940,341,1190,517
202606,浦城,4385,2116,2269,1977,748,2898,739
202606,浦添ニュータウン,1867,917,950,907,226,1055,586
202606,牧港ハイツ,315,152,163,152,39,163,113
202606,浦添グリーンハイツ,1865,905,960,898,264,955,646
202606,浅野浦,5266,2490,2776,2313,950,3305,1011
202606,前田公務員宿舎,102,47,55,40,32,63,7
202606,港川崎原,288,153,135,204,27,209,52
202606,上野,900,421,479,482,107,483,310
202606,マチナトタウン,1519,749,770,752,241,924,354
202606,神森,1144,527,617,527,178,647,319
202606,浦西,1748,854,894,781,267,822,659
202606,安川,556,262,294,254,77,319,160
202606,当山ハイツ,1073,530,543,505,177,683,213
202606,浦添ハイツ,270,137,133,125,28,141,101
202606,県営経塚団地,284,122,162,128,29,132,123
202606,浦添市街地住宅,350,149,201,175,22,170,158
202606,県営沢岻高層住宅,226,93,133,106,22,111,93
202606,陽迎橋,3440,1715,1725,1447,666,2330,444
202606,県営港川団地,329,142,187,167,29,135,165
202606,キャンプキンザー,56,23,33,25,22,31,3
202607,仲間,2905,1411,1494,1287,487,1783,635
202607,安波茶,1377,678,699,681,216,808,353
202607,伊祖,3819,1878,1941,1892,553,2379,887
202607,牧港,5124,2512,2612,2486,860,3193,1071
202607,港川,5659,2737,2922,2464,952,3604,1103
202607,城間,4450,2115,2335,2369,539,2826,1085
202607,屋富祖,4135,2005,2130,2185,559,2518,1058
202607,宮城,9630,4729,4901,4691,1489,6173,1968
202607,仲西,3169,1499,1670,1881,341,2101,727
202607,小湾,4615,2228,2387,2193,658,2985,972
202607,勢理客,4442,2196,2246,2332,572,2848,1022
202607,内間,9144,4450,4694,4542,1320,5904,1920
202607,沢岻,4227,2059,2168,1876,678,2688,861
202607,経塚,5319,2542,2777,2498,890,3473,956
202607,前田,5795,2818,2977,2648,1001,3631,1163
202607,西原一区,2292,1162,1130,1065,367,1472,453
202607,西原二区,2850,1437,1413,1410,438,1787,625
202607,当山,1761,866,895,787,280,1088,393
202607,大平,4638,2202,2436,2327,649,2854,1135
202607,広栄,746,394,352,425,72,427,247
202607,茶山,902,421,481,411,121,512,269
202607,緑ヶ丘,2041,987,1054,937,335,1192,514
202607,浦城,4404,2130,2274,1986,746,2923,735
202607,浦添ニュータウン,1857,914,943,904,220,1049,588
202607,牧港ハイツ,315,152,163,152,39,163,113
202607,浦添グリーンハイツ,1861,900,961,895,265,950,646
202607,浅野浦,5262,2493,2769,2320,946,3304,1012
202607,前田公務員宿舎,102,47,55,39,32,63,7
202607,港川崎原,280,147,133,196,27,201,52
202607,上野,902,423,479,485,105,485,312
202607,マチナトタウン,1516,750,766,749,239,922,355
202607,神森,1146,531,615,528,179,648,319
202607,浦西,1748,852,896,783,267,819,662
202607,安川,557,262,295,256,77,320,160
202607,当山ハイツ,1075,531,544,505,175,688,212
202607,浦添ハイツ,265,136,129,125,26,138,101
202607,県営経塚団地,286,123,163,129,31,132,123
202607,浦添市街地住宅,355,150,205,176,22,175,158
202607,県営沢岻高層住宅,224,92,132,105,22,110,92
202607,陽迎橋,3457,1724,1733,1454,673,2337,447
202607,県営港川団地,327,142,185,166,29,133,165
202607,キャンプキンザー,57,23,34,26,22,32,3
202608,仲間,2903,1409,1494,1285,486,1781,636
202608,安波茶,1391,691,700,693,214,825,352
202608,伊祖,3814,1873,1941,1890,551,2375,888
202608,牧港,5135,2519,2616,2490,863,3201,1071
202608,港川,5660,2744,2916,2465,951,3601,1108
202608,城間,4442,2110,2332,2361,542,2818,1082
202608,屋富祖,4139,2007,2132,2183,561,2521,1057
202608,宮城,9624,4726,4898,4693,1490,6161,1973
202608,仲西,3166,1497,1669,1875,342,2096,728
202608,小湾,4632,2234,2398,2209,652,3006,974
202608,勢理客,4452,2199,2253,2341,569,2858,1025
202608,内間,9170,4462,4708,4554,1324,5924,1922
202608,沢岻,4240,2066,2174,1883,683,2690,867
202608,経塚,5317,2540,2777,2496,884,3469,964
202608,前田,5780,2814,2966,2643,995,3621,1164
202608,西原一区,2298,1162,1136,1066,366,1479,453
202608,西原二区,2854,1437,1417,1410,440,1790,624
202608,当山,1761,865,896,786,282,1083,396
202608,大平,4650,2209,2441,2334,644,2870,1136
202608,広栄,747,393,354,425,74,426,247
202608,茶山,896,418,478,412,119,508,269
202608,緑ヶ丘,2034,979,1055,936,334,1186,514
202608,浦城,4389,2121,2268,1982,744,2907,738
202608,浦添ニュータウン,1845,907,938,899,218,1043,584
202608,牧港ハイツ,315,152,163,152,39,163,113
202608,浦添グリーンハイツ,1870,902,968,897,269,957,644
202608,浅野浦,5251,2485,2766,2312,941,3297,1013
202608,前田公務員宿舎,101,46,55,38,30,64,7
202608,港川崎原,281,148,133,196,27,202,52
202608,上野,905,426,479,485,108,485,312
202608,マチナトタウン,1596,783,813,791,240,955,401
202608,神森,1137,525,612,524,175,648,314
202608,浦西,1750,856,894,785,268,826,656
202608,安川,554,261,293,257,76,317,161
202608,当山ハイツ,1076,531,545,504,175,688,213
202608,浦添ハイツ,264,135,129,125,25,137,102
202608,県営経塚団地,266,114,152,120,31,123,112
202608,浦添市街地住宅,335,141,194,163,22,172,141
202608,県営沢岻高層住宅,209,86,123,96,22,105,82
202608,陽迎橋,3472,1728,1744,1464,672,2349,451
202608,県営港川団地,314,136,178,159,28,123,163
202608,キャンプキンザー,59,23,36,28,22,34,3
